Property_ID,Square_Footage,Bedrooms,Bathrooms,Property_Age_Years,Lot_Size_SqFt,Garage_Cars,Location_Tier,Distance_to_City_Miles,Renovation_Score,Condition,Quarter_Sold,Annual_Tax,Price
PROP-1000,2422,4,3.0,52,8499,1,Suburban Standard,15.1,7,Good,2024-Q2,6294,555655
PROP-1001,2010,3,2.5,10,9354,1,Emerging Tech Corridor,6.5,6,Good,2023-Q3,7165,668534
PROP-1002,2520,4,3.0,34,10112,2,Suburban Prime,10.5,5,Good,2023-Q3,9359,837523
PROP-1003,3089,5,4.0,36,12019,1,Suburban Prime,17.4,4,Fair,2024-Q1,10736,931799
PROP-1004,1947,3,3.5,41,4667,1,Suburban Prime,14.4,1,Needs Renovation,2024-Q1,6010,516069
PROP-1005,1947,3,3.0,12,6901,2,Suburban Prime,21.9,7,Good,2023-Q1,7572,659504
PROP-1006,3126,4,3.0,35,13230,3,Emerging Tech Corridor,7.0,3,Fair,2023-Q1,10765,953538
PROP-1007,2598,3,3.0,12,13273,2,Suburban Prime,12.4,4,Fair,2024-Q2,9451,839600
PROP-1008,1794,2,2.0,11,4457,2,Suburban Standard,27.7,5,Good,2024-Q1,4677,451537
PROP-1009,2452,5,3.5,36,4493,3,Urban Metro,5.2,3,Fair,2023-Q2,10392,933433
PROP-1010,1798,2,2.0,9,3696,2,Suburban Standard,19.5,5,Good,2023-Q3,4678,412849
PROP-1011,1797,2,2.5,8,5530,2,Exurban,38.9,7,Good,2024-Q2,3498,342488
PROP-1012,2257,3,2.0,51,10359,1,Suburban Standard,25.5,5,Good,2023-Q1,5125,504600
PROP-1013,856,1,1.0,6,1561,1,Suburban Standard,19.7,9,Excellent,2023-Q2,2828,222340
PROP-1014,978,1,1.5,1,3279,1,Exurban,30.2,7,Good,2024-Q1,1980,175472
PROP-1015,1734,3,2.5,53,5062,1,Suburban Standard,25.3,4,Fair,2023-Q4,4261,374839
PROP-1016,1441,1,1.5,22,2850,1,Suburban Prime,15.5,4,Fair,2023-Q1,4537,390259
PROP-1017,2304,4,3.5,38,7674,1,Suburban Prime,10.1,5,Good,2024-Q2,7714,715088
PROP-1018,1509,2,2.0,39,4023,2,Suburban Standard,20.1,6,Good,2023-Q4,3745,345266
PROP-1019,1182,3,2.0,38,3541,1,Suburban Standard,18.6,4,Fair,2023-Q2,3496,271865
PROP-1020,3052,4,3.5,20,12815,2,Suburban Prime,20.3,9,Excellent,2023-Q3,10893,985699
PROP-1021,1953,3,3.0,22,6978,1,Suburban Prime,9.8,6,Good,2023-Q2,7001,632220
PROP-1022,2143,3,2.5,28,4765,2,Exurban,46.9,4,Fair,2023-Q3,3681,346642
PROP-1023,1173,2,2.0,13,5945,0,Urban Metro,3.6,6,Good,2023-Q2,5136,478491
PROP-1024,1746,2,1.5,25,6917,1,Suburban Prime,13.7,4,Fair,2023-Q1,6040,509728
PROP-1025,2172,3,3.0,50,9565,1,Urban Metro,1.8,7,Good,2023-Q1,8281,805781
PROP-1026,1351,2,2.0,4,2795,1,Emerging Tech Corridor,11.3,5,Good,2024-Q2,4736,435160
PROP-1027,2344,3,2.5,54,4594,2,Urban Metro,5.6,1,Needs Renovation,2023-Q4,7998,708084
PROP-1028,1709,3,3.0,30,3189,0,Suburban Standard,18.0,3,Fair,2023-Q2,4535,359507
PROP-1029,1910,4,3.0,24,4664,1,Urban Metro,2.2,7,Good,2023-Q2,8337,774827
PROP-1030,1708,2,2.0,30,5480,1,Suburban Standard,20.9,5,Good,2023-Q4,3532,350382
PROP-1031,3303,4,3.0,49,16454,3,Emerging Tech Corridor,12.2,9,Excellent,2024-Q1,10755,983318
PROP-1032,2091,3,2.5,19,7013,2,Suburban Prime,8.1,2,Needs Renovation,2024-Q2,7267,630064
PROP-1033,1412,3,2.5,43,3935,1,Suburban Prime,16.8,4,Fair,2023-Q2,5019,444834
PROP-1034,2634,3,2.5,54,9773,1,Suburban Prime,16.4,3,Fair,2024-Q2,7606,717808
PROP-1035,1306,3,2.5,16,2847,1,Suburban Prime,12.5,5,Good,2023-Q2,5435,482621
PROP-1036,2235,4,3.0,44,8654,0,Emerging Tech Corridor,9.1,4,Fair,2023-Q2,7435,622287
PROP-1037,826,1,1.5,1,3083,1,Suburban Prime,11.5,3,Fair,2024-Q1,3832,335068
PROP-1038,1236,2,1.5,24,5553,1,Suburban Standard,24.6,6,Good,2023-Q1,3200,281333
PROP-1039,2227,4,2.5,12,11479,1,Urban Metro,4.2,5,Good,2024-Q2,9334,827427
PROP-1040,2580,4,4.0,38,6844,2,Urban Metro,3.7,4,Fair,2023-Q4,10974,968790
PROP-1041,2211,3,3.0,27,7811,1,Suburban Prime,13.5,5,Good,2024-Q2,6960,655415
PROP-1042,2024,3,2.0,41,9897,2,Suburban Standard,16.7,6,Good,2024-Q1,5264,476266
PROP-1043,1904,2,2.0,54,8510,2,Suburban Prime,19.5,3,Fair,2023-Q3,5635,507965
PROP-1044,1138,1,1.0,5,3934,0,Suburban Standard,19.2,4,Fair,2023-Q3,2619,246790
PROP-1045,1632,1,1.5,2,8183,1,Urban Metro,3.5,4,Fair,2024-Q1,6632,573784
PROP-1046,1800,3,2.5,34,3590,2,Urban Metro,3.6,6,Good,2024-Q1,7438,681128
PROP-1047,2787,4,3.0,17,13838,2,Emerging Tech Corridor,9.0,7,Good,2023-Q1,10283,927832
PROP-1048,2323,4,3.0,10,4580,1,Emerging Tech Corridor,7.3,4,Fair,2024-Q2,7574,710088
PROP-1049,954,1,1.0,53,3492,2,Urban Metro,1.6,4,Fair,2024-Q2,3868,335299
PROP-1050,2310,4,3.0,19,11151,2,Suburban Standard,13.6,8,Excellent,2023-Q3,7302,626778
PROP-1051,1849,3,2.5,4,4979,1,Suburban Prime,18.6,10,Excellent,2023-Q4,6981,633000
PROP-1052,1660,1,1.0,18,5653,1,Emerging Tech Corridor,7.0,6,Good,2024-Q2,5961,510638
PROP-1053,2497,4,3.0,21,7248,2,Emerging Tech Corridor,5.5,10,Excellent,2023-Q2,9315,835714
PROP-1054,2770,5,4.5,18,13953,2,Emerging Tech Corridor,12.2,6,Good,2023-Q2,9674,931471
PROP-1055,2705,3,3.0,46,12444,2,Emerging Tech Corridor,6.4,6,Good,2023-Q1,8897,795757
PROP-1056,1554,3,2.5,15,6543,2,Suburban Prime,16.8,4,Fair,2023-Q1,5960,536874
PROP-1057,1899,3,2.5,23,7212,1,Emerging Tech Corridor,8.0,5,Good,2023-Q3,6108,542635
PROP-1058,2315,3,3.0,40,10625,1,Suburban Prime,9.8,3,Fair,2023-Q4,7767,686718
PROP-1059,2734,4,3.5,3,8567,2,Urban Metro,3.1,7,Good,2023-Q4,11563,1050760
PROP-1060,1788,3,2.5,14,5939,0,Suburban Prime,8.2,8,Excellent,2024-Q1,7223,605506
PROP-1061,1979,3,3.0,24,8474,1,Exurban,46.0,6,Good,2023-Q1,3667,329213
PROP-1062,1380,2,2.0,43,4162,0,Emerging Tech Corridor,9.6,4,Fair,2024-Q2,3931,356373
PROP-1063,1322,1,1.0,54,2666,1,Urban Metro,1.7,3,Fair,2023-Q2,4469,379159
PROP-1064,2628,4,3.5,34,5394,2,Suburban Standard,15.8,4,Fair,2024-Q2,6984,623110
PROP-1065,2981,4,3.5,54,6535,3,Emerging Tech Corridor,9.0,4,Fair,2023-Q2,10196,841656
PROP-1066,2053,3,2.5,13,9765,1,Suburban Prime,10.6,6,Good,2023-Q3,7671,690548
PROP-1067,2752,4,3.5,48,9372,2,Suburban Prime,11.8,9,Excellent,2023-Q2,9924,876697
PROP-1068,2335,3,3.0,18,9862,2,Suburban Standard,20.6,1,Needs Renovation,2024-Q2,5881,545216
PROP-1069,1680,3,2.5,37,5268,0,Suburban Prime,19.7,1,Needs Renovation,2024-Q2,5268,447080
PROP-1070,2334,4,3.5,35,6254,1,Urban Metro,3.0,6,Good,2023-Q4,9680,856049
PROP-1071,3099,5,5.0,6,9236,3,Suburban Standard,23.5,4,Fair,2023-Q4,8834,797858
PROP-1072,2076,2,1.5,29,9342,2,Exurban,46.9,8,Excellent,2023-Q1,3361,323473
PROP-1073,3117,5,3.5,18,12236,3,Suburban Standard,15.5,4,Fair,2024-Q2,8252,771863
PROP-1074,750,1,1.5,48,3740,0,Emerging Tech Corridor,12.3,4,Fair,2023-Q3,2213,186391
PROP-1075,2634,4,3.5,24,10828,0,Suburban Prime,18.6,4,Fair,2023-Q2,8316,779723
PROP-1076,2156,4,3.0,15,8060,1,Urban Metro,2.8,3,Fair,2023-Q1,9300,795363
PROP-1077,1905,3,3.0,46,7381,1,Suburban Standard,27.8,5,Good,2024-Q1,4273,415427
PROP-1078,2159,3,2.0,53,10803,2,Suburban Prime,11.7,3,Fair,2024-Q1,6992,629105
PROP-1079,808,1,1.5,39,3619,0,Emerging Tech Corridor,7.3,5,Good,2023-Q2,2353,233782
PROP-1080,1957,3,2.5,50,3682,2,Urban Metro,4.9,5,Good,2023-Q2,7125,635362
PROP-1081,2332,3,3.5,7,8432,3,Suburban Prime,14.1,1,Needs Renovation,2023-Q2,8721,777997
PROP-1082,3060,5,5.0,17,12669,3,Suburban Prime,12.6,1,Needs Renovation,2023-Q4,11590,1022959
PROP-1083,1763,3,2.5,27,7661,0,Exurban,29.5,5,Good,2023-Q2,3185,325324
PROP-1084,1574,2,1.5,15,3973,1,Urban Metro,4.8,6,Good,2024-Q1,5939,550772
PROP-1085,1773,2,2.0,51,8418,1,Urban Metro,4.9,9,Excellent,2023-Q2,7450,639228
PROP-1086,2695,3,2.5,18,13609,2,Urban Metro,3.8,3,Fair,2024-Q2,11377,998194
PROP-1087,2313,4,3.5,41,6024,1,Emerging Tech Corridor,13.6,2,Needs Renovation,2023-Q3,6451,642960
PROP-1088,1755,2,2.0,16,8425,2,Urban Metro,2.6,2,Needs Renovation,2024-Q1,7168,629903
PROP-1089,2433,2,1.0,44,5181,1,Urban Metro,2.1,5,Good,2023-Q3,7401,688483
PROP-1090,2163,3,2.5,12,4303,0,Urban Metro,4.4,6,Good,2024-Q1,8174,745763
PROP-1091,2729,6,4.5,6,6111,3,Suburban Standard,24.1,7,Good,2023-Q1,8131,732130
PROP-1092,1643,2,1.5,26,3279,1,Urban Metro,2.1,6,Good,2024-Q2,6729,559089
PROP-1093,1887,3,3.0,9,8818,0,Suburban Prime,9.1,3,Fair,2024-Q1,6809,635942
PROP-1094,1845,3,2.0,33,3691,1,Suburban Prime,19.3,5,Good,2024-Q2,5454,524650
PROP-1095,1148,1,1.5,35,3126,0,Suburban Standard,27.6,8,Excellent,2024-Q1,2602,220283
PROP-1096,2292,4,3.0,24,4934,2,Suburban Standard,22.3,4,Fair,2023-Q3,6415,573604
PROP-1097,2269,3,2.5,5,6363,2,Suburban Prime,11.9,5,Good,2023-Q3,8675,742225
PROP-1098,2103,3,3.0,23,4432,2,Exurban,49.9,9,Excellent,2024-Q1,3840,352344
PROP-1099,1947,3,2.5,17,7926,1,Exurban,47.3,6,Good,2024-Q1,3849,311261
PROP-1100,1180,1,1.5,22,2658,1,Suburban Prime,15.2,6,Good,2023-Q4,3672,327449
PROP-1101,1826,3,3.0,5,8575,2,Emerging Tech Corridor,12.4,4,Fair,2024-Q2,7238,632092
PROP-1102,1877,3,2.5,28,8593,0,Suburban Standard,25.1,5,Good,2024-Q2,5063,408600
PROP-1103,1578,2,1.5,24,2913,0,Emerging Tech Corridor,13.4,2,Needs Renovation,2024-Q2,4084,369147
PROP-1104,1995,3,2.0,54,9666,1,Suburban Prime,19.8,6,Good,2024-Q2,6764,575984
PROP-1105,2362,3,2.5,16,4484,2,Suburban Prime,17.0,2,Needs Renovation,2023-Q1,7244,663245
PROP-1106,3326,5,5.0,45,8696,2,Suburban Prime,16.5,7,Good,2023-Q1,11170,991263
PROP-1107,2213,3,3.0,23,4227,1,Emerging Tech Corridor,9.2,7,Good,2023-Q2,7282,688948
PROP-1108,2267,4,3.0,10,6669,2,Urban Metro,4.1,5,Good,2024-Q1,9805,889014
PROP-1109,2051,3,2.0,25,7275,1,Urban Metro,5.0,3,Fair,2024-Q1,7156,667295
PROP-1110,852,1,1.5,50,3841,0,Suburban Prime,21.6,1,Needs Renovation,2024-Q1,2108,155544
PROP-1111,2082,3,3.0,33,6140,3,Urban Metro,3.3,7,Good,2024-Q1,9201,774980
PROP-1112,2139,4,3.5,27,8980,2,Suburban Standard,21.2,6,Good,2024-Q2,5975,542991
PROP-1113,3701,6,4.5,2,9021,3,Urban Metro,3.2,6,Good,2024-Q2,15383,1394258
PROP-1114,1974,3,2.5,10,8590,1,Suburban Prime,17.4,4,Fair,2023-Q1,6881,649627
PROP-1115,2296,3,2.5,37,5975,2,Exurban,40.7,5,Good,2023-Q3,4519,396398
PROP-1116,2077,2,2.0,13,4752,2,Suburban Prime,8.2,6,Good,2023-Q4,7068,647291
PROP-1117,1340,2,1.0,50,3256,1,Suburban Standard,20.7,5,Good,2024-Q2,2930,276348
PROP-1118,2842,4,3.0,25,6874,2,Urban Metro,1.4,6,Good,2024-Q2,11571,989490
PROP-1119,2588,4,3.0,47,9171,1,Urban Metro,1.1,7,Good,2024-Q2,10085,908461
PROP-1120,2614,4,3.5,20,12213,1,Emerging Tech Corridor,12.1,3,Fair,2023-Q3,8591,751398
PROP-1121,1508,2,3.0,53,3122,1,Emerging Tech Corridor,7.3,2,Needs Renovation,2023-Q3,4489,399431
PROP-1122,3011,4,3.5,38,12657,2,Suburban Prime,12.8,5,Good,2023-Q1,10235,950190
PROP-1123,1188,2,2.0,29,4781,1,Exurban,26.6,2,Needs Renovation,2024-Q2,1770,207533
PROP-1124,2481,4,3.5,7,11825,2,Exurban,29.5,6,Good,2023-Q4,5850,509331
PROP-1125,3523,4,3.5,50,9265,2,Exurban,44.1,6,Good,2024-Q1,7248,601523
PROP-1126,1456,1,1.5,19,4849,1,Suburban Prime,14.9,8,Excellent,2024-Q2,5065,443844
PROP-1127,1731,2,2.0,47,8564,1,Urban Metro,5.4,6,Good,2023-Q1,7075,615045
PROP-1128,2164,2,2.5,31,8751,3,Suburban Standard,18.4,2,Needs Renovation,2023-Q1,5292,496796
PROP-1129,1772,3,2.0,21,5531,1,Suburban Standard,16.3,4,Fair,2023-Q4,5257,442240
PROP-1130,1092,2,2.0,6,2453,0,Urban Metro,2.7,7,Good,2023-Q2,5512,465310
PROP-1131,2144,4,3.0,8,5772,3,Emerging Tech Corridor,11.4,3,Fair,2023-Q1,7784,713716
PROP-1132,1409,2,2.0,44,5320,0,Urban Metro,3.8,6,Good,2023-Q3,5524,478675
PROP-1133,2407,4,3.0,0,10209,1,Suburban Prime,20.7,7,Good,2023-Q3,8439,800842
PROP-1134,1502,2,1.5,28,3338,2,Suburban Prime,16.4,4,Fair,2024-Q1,5120,437829
PROP-1135,3107,4,3.0,7,11926,3,Suburban Standard,19.9,4,Fair,2023-Q1,8598,783044
PROP-1136,1590,2,2.5,53,5837,1,Suburban Prime,19.0,5,Good,2024-Q1,4420,427528
PROP-1137,1890,2,2.5,3,6704,2,Emerging Tech Corridor,13.5,7,Good,2023-Q1,6989,613261
PROP-1138,2628,4,3.0,34,10896,2,Suburban Standard,17.7,3,Fair,2023-Q4,6362,615560
PROP-1139,1299,2,2.0,2,6036,0,Emerging Tech Corridor,7.2,9,Excellent,2024-Q2,5641,494503
PROP-1140,2247,3,2.5,53,6512,1,Exurban,40.4,5,Good,2023-Q1,3649,356217
PROP-1141,2949,4,3.0,44,14221,3,Suburban Standard,20.0,10,Excellent,2023-Q2,8100,759308
PROP-1142,1055,2,2.0,39,2475,1,Exurban,49.7,2,Needs Renovation,2023-Q3,1863,164779
PROP-1143,2220,4,3.0,6,5301,2,Urban Metro,3.3,2,Needs Renovation,2023-Q4,9009,809002
PROP-1144,2268,4,4.5,26,6139,2,Suburban Prime,9.0,7,Good,2024-Q2,9549,813594
PROP-1145,2608,3,3.0,0,5754,1,Urban Metro,5.9,7,Good,2024-Q2,10116,937709
PROP-1146,1295,1,1.0,26,3345,0,Suburban Prime,19.8,5,Good,2023-Q3,3913,312597
PROP-1147,1241,2,1.5,15,2682,1,Emerging Tech Corridor,6.6,6,Good,2024-Q2,4264,411256
PROP-1148,2439,3,3.0,37,11204,3,Urban Metro,5.5,7,Good,2024-Q1,10503,913156
PROP-1149,2293,3,3.5,6,5210,1,Suburban Prime,12.8,1,Needs Renovation,2023-Q4,8137,696926
PROP-1150,2262,3,2.0,43,9818,2,Suburban Standard,18.0,5,Good,2023-Q2,5499,482430
PROP-1151,2325,2,1.0,22,4563,1,Suburban Standard,26.5,7,Good,2023-Q3,4734,443880
PROP-1152,1657,3,3.5,40,8326,1,Suburban Prime,15.4,4,Fair,2023-Q1,5948,571884
PROP-1153,2250,4,3.5,10,9490,2,Emerging Tech Corridor,6.2,4,Fair,2023-Q1,8271,790843
PROP-1154,2290,3,2.5,41,4174,0,Urban Metro,2.8,7,Good,2023-Q1,8924,747238
PROP-1155,1635,1,1.5,52,7189,1,Suburban Prime,18.1,4,Fair,2023-Q4,4328,394454
PROP-1156,3312,5,3.0,32,11750,2,Suburban Standard,14.8,1,Needs Renovation,2023-Q2,8214,763030
PROP-1157,2407,4,3.5,49,10710,2,Suburban Standard,21.4,9,Excellent,2024-Q2,6766,634732
PROP-1158,1325,1,1.5,35,4738,1,Suburban Prime,17.7,5,Good,2023-Q2,3920,345505
PROP-1159,2526,4,3.5,36,10052,2,Emerging Tech Corridor,8.1,7,Good,2023-Q2,8642,782262
PROP-1160,1466,2,1.5,40,6558,1,Suburban Prime,17.7,7,Good,2023-Q3,4410,445182
PROP-1161,2611,4,3.5,16,8296,1,Suburban Prime,20.4,2,Needs Renovation,2023-Q4,9230,801011
PROP-1162,2853,4,3.0,34,5161,1,Urban Metro,3.4,3,Fair,2023-Q1,10490,927659
PROP-1163,1566,2,2.0,47,7344,0,Suburban Standard,18.1,4,Fair,2023-Q3,4540,356147
PROP-1164,2726,5,3.5,4,8437,2,Suburban Standard,16.0,4,Fair,2024-Q2,8470,725755
PROP-1165,2368,3,2.5,47,8256,3,Urban Metro,4.0,6,Good,2023-Q2,8342,827878
PROP-1166,2634,4,3.0,31,4810,2,Suburban Prime,20.3,6,Good,2023-Q1,9167,780536
PROP-1167,3332,4,3.5,2,11572,3,Emerging Tech Corridor,7.9,5,Good,2023-Q4,11923,1032211
PROP-1168,1940,2,2.0,51,9998,2,Suburban Prime,13.5,3,Fair,2024-Q1,5730,531362
PROP-1169,1610,2,2.0,46,4421,1,Urban Metro,3.0,4,Fair,2023-Q2,5428,496289
PROP-1170,1521,2,2.0,34,4782,2,Suburban Standard,21.0,5,Good,2023-Q2,4137,358422
PROP-1171,1569,3,2.0,51,6490,1,Urban Metro,2.1,5,Good,2023-Q2,6022,564855
PROP-1172,2049,2,2.0,13,9364,1,Emerging Tech Corridor,12.4,2,Needs Renovation,2023-Q2,6674,602467
PROP-1173,2321,2,2.0,47,7471,1,Urban Metro,2.5,6,Good,2023-Q1,9187,793566
PROP-1174,2279,4,4.5,30,6501,1,Suburban Standard,23.3,2,Needs Renovation,2023-Q4,6252,544358
PROP-1175,2637,4,3.0,30,13154,2,Suburban Prime,15.2,4,Fair,2023-Q3,9050,825957
PROP-1176,2108,3,3.0,16,8647,1,Emerging Tech Corridor,10.3,6,Good,2023-Q1,8152,700517
PROP-1177,3044,5,4.5,23,6711,3,Urban Metro,1.9,1,Needs Renovation,2023-Q4,12117,1073804
PROP-1178,1927,2,2.0,51,3920,2,Suburban Standard,23.8,5,Good,2023-Q3,4742,416218
PROP-1179,3868,6,5.0,22,13321,3,Suburban Standard,15.0,4,Fair,2023-Q2,10077,913534
PROP-1180,2506,4,3.5,17,6386,3,Suburban Prime,9.6,1,Needs Renovation,2023-Q4,8787,784796
PROP-1181,1542,2,2.0,49,4107,2,Suburban Prime,15.7,3,Fair,2023-Q2,4578,429499
PROP-1182,1403,3,2.5,53,6712,2,Suburban Standard,23.3,9,Excellent,2023-Q4,3819,392998
PROP-1183,2413,3,3.0,13,5078,2,Exurban,26.3,5,Good,2024-Q2,4762,432680
PROP-1184,1954,3,3.0,49,8269,2,Urban Metro,1.3,10,Excellent,2024-Q1,8482,760679
PROP-1185,2564,4,3.0,14,6978,2,Urban Metro,5.0,5,Good,2023-Q2,10546,937958
PROP-1186,2407,4,3.0,14,10554,2,Emerging Tech Corridor,12.3,5,Good,2023-Q2,9606,825280
PROP-1187,2052,4,3.0,5,8733,1,Urban Metro,2.2,4,Fair,2023-Q2,8628,787906
PROP-1188,1549,2,1.5,26,2827,0,Exurban,40.4,4,Fair,2024-Q2,2171,203764
PROP-1189,1115,1,1.0,14,3937,1,Suburban Standard,19.1,4,Fair,2023-Q1,2944,242379
PROP-1190,1809,3,3.0,49,4113,2,Suburban Standard,22.1,4,Fair,2023-Q3,4035,380498
PROP-1191,2656,4,3.0,35,12603,1,Urban Metro,5.3,5,Good,2023-Q2,10511,934381
PROP-1192,2239,4,3.5,54,10665,2,Urban Metro,1.4,3,Fair,2023-Q2,9085,822115
PROP-1193,1290,2,2.0,7,4156,0,Suburban Standard,24.4,3,Fair,2023-Q1,3165,289163
PROP-1194,2212,3,3.0,14,7323,1,Exurban,37.3,4,Fair,2023-Q1,4601,390497
PROP-1195,2350,4,2.5,2,6653,3,Exurban,39.1,5,Good,2024-Q1,5327,485689
PROP-1196,1525,1,1.0,46,6460,0,Urban Metro,4.3,6,Good,2023-Q4,5488,468895
PROP-1197,2199,3,2.5,12,6639,1,Urban Metro,5.6,7,Good,2023-Q2,8527,813655
PROP-1198,2137,4,4.0,40,5792,3,Urban Metro,1.3,4,Fair,2023-Q4,9105,851316
PROP-1199,1357,1,1.0,33,4436,1,Emerging Tech Corridor,5.3,3,Fair,2023-Q1,3302,356953
PROP-1200,2332,3,2.0,23,4922,2,Suburban Prime,10.5,4,Fair,2023-Q1,7157,670309
PROP-1201,2464,4,3.5,39,10689,1,Urban Metro,5.9,8,Excellent,2024-Q1,10883,921990
PROP-1202,2803,5,3.5,31,5165,1,Urban Metro,4.6,1,Needs Renovation,2023-Q3,10072,899828
PROP-1203,2784,5,3.5,31,11111,1,Suburban Prime,16.6,6,Good,2024-Q2,10258,935285
PROP-1204,1204,2,1.5,29,2915,0,Exurban,26.2,5,Good,2024-Q2,2615,212591
PROP-1205,1490,2,2.0,51,3859,0,Suburban Prime,20.3,3,Fair,2024-Q2,3571,294173
PROP-1206,2434,3,2.5,48,9641,2,Urban Metro,5.1,4,Fair,2023-Q1,9104,845630
PROP-1207,2433,4,2.5,12,12593,2,Suburban Prime,17.3,3,Fair,2023-Q2,9270,760839
PROP-1208,2434,3,3.0,0,10817,1,Suburban Prime,12.7,7,Good,2024-Q1,9409,832730
PROP-1209,4604,6,5.0,33,11822,3,Urban Metro,1.4,5,Good,2023-Q3,16360,1450000
PROP-1210,2471,4,3.5,14,5926,1,Urban Metro,3.9,5,Good,2024-Q2,10140,892109
PROP-1211,2838,5,3.5,43,13466,1,Suburban Standard,23.5,5,Good,2024-Q1,8020,702849
PROP-1212,2720,4,3.0,13,9003,0,Urban Metro,1.5,6,Good,2023-Q1,11063,1004501
PROP-1213,2523,5,4.0,28,5717,2,Urban Metro,4.2,5,Good,2024-Q2,11338,955825
PROP-1214,1895,2,2.0,33,8966,1,Suburban Prime,12.0,1,Needs Renovation,2023-Q3,6043,547274
PROP-1215,2593,4,3.5,17,11862,2,Emerging Tech Corridor,11.9,4,Fair,2023-Q4,9270,802098
PROP-1216,1597,2,1.5,53,8217,0,Suburban Standard,20.6,3,Fair,2023-Q3,3367,313398
PROP-1217,1946,3,2.5,6,9522,2,Suburban Standard,14.1,6,Good,2023-Q2,5929,546894
PROP-1218,1784,3,3.0,28,8377,3,Suburban Standard,20.4,2,Needs Renovation,2024-Q2,6236,505904
PROP-1219,2153,3,3.0,54,4260,1,Suburban Standard,18.3,5,Good,2024-Q2,4867,437494
PROP-1220,3604,6,5.0,30,7766,3,Urban Metro,1.9,3,Fair,2023-Q4,14409,1287449
PROP-1221,886,2,2.0,24,3308,1,Exurban,46.0,9,Excellent,2023-Q4,1975,168827
PROP-1222,2546,4,3.5,37,9183,2,Urban Metro,1.1,4,Fair,2024-Q2,11347,943469
PROP-1223,1051,1,2.0,13,3528,0,Suburban Prime,12.4,4,Fair,2023-Q2,4459,340090
PROP-1224,1793,2,2.0,7,5646,1,Emerging Tech Corridor,5.1,8,Excellent,2023-Q4,7190,607632
PROP-1225,2807,3,2.5,26,9167,3,Suburban Prime,9.3,5,Good,2023-Q1,10716,880398
PROP-1226,2141,4,4.0,53,7997,1,Exurban,32.4,9,Excellent,2024-Q2,4082,389801
PROP-1227,1399,1,1.5,1,2528,1,Suburban Prime,8.8,1,Needs Renovation,2023-Q3,3922,332622
PROP-1228,1635,2,1.5,16,4392,2,Emerging Tech Corridor,10.4,4,Fair,2023-Q3,5275,469037
PROP-1229,2541,4,3.0,36,9051,2,Emerging Tech Corridor,5.8,6,Good,2023-Q2,8332,791366
PROP-1230,1625,2,2.0,13,6915,0,Exurban,42.5,8,Excellent,2023-Q1,3185,272050
PROP-1231,2240,4,3.5,24,5358,1,Exurban,26.3,4,Fair,2023-Q4,4454,410872
PROP-1232,2129,4,3.5,29,7790,2,Emerging Tech Corridor,5.5,8,Excellent,2024-Q2,8673,733315
PROP-1233,1676,2,2.0,28,7088,1,Suburban Standard,16.9,5,Good,2023-Q3,4336,397725
PROP-1234,3493,5,4.5,19,11567,3,Suburban Prime,20.6,7,Good,2023-Q3,12261,1106920
PROP-1235,2512,4,3.5,20,4752,2,Urban Metro,4.2,4,Fair,2023-Q3,10502,896632
PROP-1236,783,1,1.5,52,2605,1,Suburban Standard,24.3,3,Fair,2023-Q3,1324,120000
PROP-1237,2221,4,3.5,21,6236,2,Exurban,28.5,8,Excellent,2024-Q1,5618,470541
PROP-1238,1669,3,2.0,34,8279,2,Suburban Standard,25.3,8,Excellent,2023-Q2,5131,446830
PROP-1239,2654,4,3.5,36,5901,2,Exurban,25.2,5,Good,2023-Q4,6007,524660
PROP-1240,1584,3,3.5,15,6365,1,Emerging Tech Corridor,6.9,1,Needs Renovation,2024-Q2,5661,512016
PROP-1241,2025,4,3.0,49,4007,1,Urban Metro,4.1,2,Needs Renovation,2024-Q2,7124,622653
PROP-1242,2428,4,3.0,48,8053,1,Urban Metro,2.9,5,Good,2024-Q2,9300,833900
PROP-1243,2662,3,2.5,42,9805,2,Suburban Prime,21.8,1,Needs Renovation,2023-Q4,7394,681717
PROP-1244,1319,2,1.5,16,3710,0,Urban Metro,1.2,4,Fair,2023-Q2,5823,522754
PROP-1245,1882,2,1.5,15,6299,1,Suburban Standard,28.0,4,Fair,2023-Q1,4513,368470
PROP-1246,1791,2,2.0,54,4219,2,Exurban,40.6,6,Good,2023-Q2,3292,279624
PROP-1247,1675,3,2.0,1,4746,2,Emerging Tech Corridor,10.0,2,Needs Renovation,2023-Q3,6425,553079
PROP-1248,3247,6,4.5,3,12701,3,Suburban Prime,8.8,5,Good,2023-Q3,12936,1155044
PROP-1249,2363,3,3.0,20,6678,3,Urban Metro,2.4,5,Good,2023-Q2,9735,921142
PROP-1250,1280,2,1.5,38,6219,2,Suburban Prime,20.9,6,Good,2023-Q2,4011,390918
PROP-1251,2696,5,4.5,33,10613,2,Suburban Prime,13.0,5,Good,2023-Q4,9920,893484
PROP-1252,3479,5,4.0,29,11450,2,Suburban Prime,17.3,4,Fair,2023-Q4,11283,1037823
PROP-1253,2771,6,5.0,5,5352,1,Urban Metro,6.0,6,Good,2024-Q1,12214,1104584
PROP-1254,1112,2,1.5,16,3890,1,Suburban Prime,11.7,7,Good,2024-Q2,4160,386467
PROP-1255,1785,1,1.5,38,7854,1,Suburban Prime,16.1,6,Good,2024-Q1,5099,469513
PROP-1256,2923,5,3.5,24,7900,2,Exurban,42.4,8,Excellent,2024-Q2,6700,559768
PROP-1257,1640,2,2.5,4,7450,1,Urban Metro,1.8,6,Good,2023-Q3,7636,683248
PROP-1258,2388,4,3.5,4,6342,1,Urban Metro,1.7,6,Good,2024-Q1,10657,926534
PROP-1259,2603,4,3.5,19,11975,2,Urban Metro,3.3,3,Fair,2024-Q1,11266,1001589
PROP-1260,1497,2,1.5,15,3128,0,Suburban Prime,13.4,5,Good,2023-Q1,5217,427944
PROP-1261,2061,2,1.5,50,9779,2,Suburban Standard,23.4,5,Good,2023-Q2,4964,415928
PROP-1262,750,1,1.5,40,2622,1,Suburban Standard,13.1,4,Fair,2023-Q4,1817,178133
PROP-1263,1434,1,1.0,36,4026,0,Suburban Prime,21.6,5,Good,2024-Q1,4034,307652
PROP-1264,1935,2,2.0,39,5227,0,Suburban Standard,12.2,4,Fair,2023-Q4,3962,365995
PROP-1265,1288,2,1.5,8,4210,1,Suburban Prime,16.4,6,Good,2024-Q2,5060,446429
PROP-1266,3161,6,5.0,4,16426,3,Suburban Standard,21.0,5,Good,2024-Q1,9849,869281
PROP-1267,1170,2,1.5,41,2982,0,Urban Metro,1.7,5,Good,2024-Q2,4879,422581
PROP-1268,1813,2,2.0,1,3899,0,Suburban Prime,10.1,10,Excellent,2024-Q1,7104,613047
PROP-1269,2184,3,3.0,8,8275,2,Emerging Tech Corridor,12.1,4,Fair,2023-Q3,7468,687097
PROP-1270,3036,5,3.5,42,10507,2,Emerging Tech Corridor,13.0,4,Fair,2023-Q1,10364,906366
PROP-1271,1166,1,1.5,35,4176,0,Suburban Standard,16.5,4,Fair,2024-Q2,3304,279508
PROP-1272,2856,4,3.5,21,11617,2,Urban Metro,3.2,8,Excellent,2023-Q2,12395,1106748
PROP-1273,2106,3,2.5,21,5703,1,Urban Metro,2.8,5,Good,2023-Q2,8433,758067
PROP-1274,1462,1,1.0,21,7158,0,Exurban,26.8,6,Good,2023-Q3,2286,225763
PROP-1275,2400,4,2.5,33,7875,1,Urban Metro,4.4,3,Fair,2023-Q3,9723,855259
PROP-1276,2229,3,2.5,54,4990,3,Urban Metro,5.1,5,Good,2023-Q2,8461,773149
PROP-1277,1709,3,2.0,28,7389,2,Urban Metro,2.5,4,Fair,2024-Q2,7189,635504
PROP-1278,2145,3,2.5,37,8551,2,Suburban Prime,21.9,6,Good,2023-Q2,7729,692820
PROP-1279,1849,2,2.0,45,5313,0,Urban Metro,1.4,7,Good,2023-Q1,6382,605634
PROP-1280,2173,4,3.5,32,8503,2,Suburban Prime,17.3,6,Good,2024-Q1,7682,710921
PROP-1281,2530,3,2.5,17,6445,2,Suburban Prime,14.3,6,Good,2023-Q1,8577,755018
PROP-1282,3130,6,4.5,6,10367,1,Exurban,36.2,5,Good,2023-Q2,7030,641784
PROP-1283,1295,1,1.5,0,6291,1,Urban Metro,3.3,6,Good,2024-Q1,5435,500235
PROP-1284,3486,5,4.0,32,7857,3,Suburban Prime,11.6,5,Good,2023-Q2,11452,1043032
PROP-1285,831,1,1.5,0,2588,1,Suburban Standard,23.4,6,Good,2023-Q1,2078,205141
PROP-1286,2001,2,2.0,23,9188,1,Suburban Standard,23.5,4,Fair,2023-Q1,5315,430567
PROP-1287,2482,3,2.0,3,12648,2,Suburban Prime,12.0,2,Needs Renovation,2024-Q2,8291,770311
PROP-1288,2282,2,2.0,3,7629,2,Emerging Tech Corridor,12.5,5,Good,2024-Q2,7914,667223
PROP-1289,1695,3,3.0,17,5972,1,Urban Metro,2.6,5,Good,2023-Q1,7664,693165
PROP-1290,1964,2,1.5,26,7355,2,Emerging Tech Corridor,11.5,4,Fair,2024-Q1,6076,560039
PROP-1291,1779,4,3.0,42,8841,1,Suburban Prime,9.7,6,Good,2024-Q2,6936,609056
PROP-1292,1716,2,2.0,31,8095,2,Urban Metro,1.8,2,Needs Renovation,2024-Q2,6695,596364
PROP-1293,2652,4,3.0,32,6311,2,Emerging Tech Corridor,7.8,3,Fair,2023-Q4,8480,762505
PROP-1294,2332,4,3.5,27,7660,1,Suburban Standard,21.5,6,Good,2023-Q4,6375,563382
PROP-1295,1649,3,3.0,41,5569,1,Urban Metro,4.2,5,Good,2024-Q2,6843,610012
PROP-1296,2684,5,4.5,40,12032,2,Urban Metro,3.0,6,Good,2023-Q2,11987,1076079
PROP-1297,2299,4,3.0,54,8850,2,Urban Metro,1.4,5,Good,2024-Q1,9628,834633
PROP-1298,2628,4,3.5,35,10575,2,Suburban Standard,18.0,9,Excellent,2023-Q3,7092,672039
PROP-1299,2509,4,4.0,5,13031,2,Urban Metro,4.4,5,Good,2024-Q2,11590,1059361
PROP-1300,1561,3,3.0,15,3207,0,Urban Metro,4.4,1,Needs Renovation,2023-Q4,6375,590358
PROP-1301,1735,2,2.5,33,4438,0,Urban Metro,1.8,4,Fair,2024-Q1,5757,542394
PROP-1302,2585,3,3.5,22,8237,2,Suburban Standard,12.1,3,Fair,2024-Q1,6465,575019
PROP-1303,2496,4,3.5,49,7444,1,Emerging Tech Corridor,11.8,8,Excellent,2023-Q4,8460,741870
PROP-1304,2086,3,2.5,41,3908,2,Emerging Tech Corridor,6.0,2,Needs Renovation,2024-Q1,6041,591968
PROP-1305,2176,3,3.0,23,4595,0,Urban Metro,1.4,4,Fair,2024-Q1,8206,745404
PROP-1306,2930,5,4.0,48,12057,3,Exurban,25.1,3,Fair,2023-Q4,6537,592278
PROP-1307,1715,3,2.5,12,8214,2,Suburban Standard,18.9,7,Good,2023-Q1,5101,463143
PROP-1308,2455,4,3.0,17,8711,2,Emerging Tech Corridor,9.5,4,Fair,2024-Q2,7775,728635
PROP-1309,1968,4,4.0,53,7150,2,Suburban Prime,16.9,10,Excellent,2023-Q2,7360,665567
PROP-1310,1958,2,1.5,12,5222,2,Suburban Prime,12.1,1,Needs Renovation,2023-Q3,6005,560638
PROP-1311,2814,4,4.0,48,12411,2,Emerging Tech Corridor,11.4,2,Needs Renovation,2023-Q2,9491,856410
PROP-1312,2636,3,3.0,36,11482,2,Urban Metro,1.8,3,Fair,2023-Q1,9295,876035
PROP-1313,2628,3,2.0,42,9987,1,Suburban Prime,19.6,7,Good,2023-Q1,8569,773952
PROP-1314,2948,4,3.5,38,7437,3,Emerging Tech Corridor,10.1,7,Good,2024-Q1,9859,899535
PROP-1315,2113,3,2.0,41,4500,1,Emerging Tech Corridor,10.3,2,Needs Renovation,2023-Q2,5980,541031
PROP-1316,2543,5,4.5,16,5132,0,Exurban,30.2,1,Needs Renovation,2023-Q1,5141,451012
PROP-1317,1898,3,3.0,14,7241,0,Suburban Standard,13.2,6,Good,2023-Q2,5762,515722
PROP-1318,2310,3,2.5,17,10637,2,Urban Metro,3.3,3,Fair,2023-Q1,9918,864301
PROP-1319,2015,4,3.5,22,9507,2,Urban Metro,4.1,3,Fair,2023-Q3,9086,821000
PROP-1320,2163,4,4.0,53,7302,1,Suburban Prime,9.3,1,Needs Renovation,2023-Q1,7325,637455
PROP-1321,2486,4,3.0,50,11103,1,Suburban Prime,21.3,1,Needs Renovation,2023-Q2,8555,733780
PROP-1322,1568,2,1.5,29,7870,0,Urban Metro,5.9,4,Fair,2024-Q1,5963,525110
PROP-1323,3460,5,4.5,33,9465,3,Urban Metro,3.7,2,Needs Renovation,2023-Q2,13563,1211604
PROP-1324,1446,2,2.5,3,4559,1,Suburban Standard,27.2,4,Fair,2023-Q4,3978,344110
PROP-1325,1310,2,2.0,2,6506,0,Emerging Tech Corridor,6.6,7,Good,2023-Q2,5149,451506
PROP-1326,2852,5,4.5,6,8413,2,Exurban,25.6,4,Fair,2023-Q3,6911,590303
PROP-1327,2614,5,4.5,17,12827,2,Emerging Tech Corridor,5.4,6,Good,2024-Q2,10839,946514
PROP-1328,2505,3,2.5,41,12864,2,Emerging Tech Corridor,10.3,2,Needs Renovation,2023-Q3,8226,712923
PROP-1329,2508,3,2.5,6,10157,1,Suburban Standard,13.0,6,Good,2023-Q3,6940,618490
PROP-1330,2092,3,3.0,39,9575,1,Exurban,49.0,4,Fair,2023-Q1,3989,347095
PROP-1331,1516,1,2.0,5,6592,0,Suburban Standard,14.3,6,Good,2023-Q3,4398,384090
PROP-1332,2149,3,3.0,21,8979,1,Emerging Tech Corridor,7.7,3,Fair,2023-Q2,6957,653521
PROP-1333,1659,2,1.5,0,4717,1,Exurban,45.6,8,Excellent,2024-Q2,3605,293325
PROP-1334,2733,4,4.0,3,5449,3,Exurban,30.5,3,Fair,2024-Q1,5514,537052
PROP-1335,2004,2,1.5,45,5944,1,Suburban Prime,11.4,4,Fair,2023-Q3,6021,518588
PROP-1336,1563,2,2.0,48,6357,0,Urban Metro,4.2,9,Excellent,2023-Q2,6052,533270
PROP-1337,1891,2,2.0,51,4063,0,Urban Metro,2.4,5,Good,2023-Q1,6079,550465
PROP-1338,2368,3,3.0,49,4358,2,Urban Metro,2.1,4,Fair,2023-Q1,8887,783065
PROP-1339,1733,1,1.5,42,3942,0,Urban Metro,2.3,9,Excellent,2024-Q1,6154,538338
PROP-1340,1565,2,2.0,28,6625,1,Urban Metro,3.5,4,Fair,2024-Q1,5788,551820
PROP-1341,2258,4,3.5,20,11532,1,Suburban Prime,21.5,2,Needs Renovation,2023-Q2,8674,736582
PROP-1342,2259,4,3.5,25,11616,2,Suburban Prime,19.7,10,Excellent,2024-Q1,9429,839958
PROP-1343,1770,2,2.0,13,6158,1,Suburban Standard,16.6,4,Fair,2024-Q1,5530,431834
PROP-1344,1793,2,1.0,8,8527,3,Urban Metro,2.8,7,Good,2023-Q1,8015,694546
PROP-1345,2250,4,3.0,46,9686,1,Suburban Standard,19.4,3,Fair,2023-Q2,5985,533069
PROP-1346,1158,1,1.5,11,4057,0,Suburban Standard,27.7,6,Good,2024-Q2,3017,287940
PROP-1347,1185,2,1.5,41,4440,2,Suburban Standard,14.8,5,Good,2024-Q1,3118,281378
PROP-1348,1633,3,3.0,50,3701,1,Exurban,33.9,10,Excellent,2023-Q2,3437,302862
PROP-1349,1961,4,3.0,50,9781,2,Urban Metro,4.6,5,Good,2023-Q3,8830,749224
PROP-1350,2302,3,3.5,5,6898,1,Urban Metro,5.8,1,Needs Renovation,2023-Q1,9183,787128
PROP-1351,3058,4,4.0,19,10143,2,Suburban Prime,10.2,6,Good,2024-Q2,11398,1005592
PROP-1352,2657,3,2.5,23,10850,2,Urban Metro,2.1,3,Fair,2023-Q1,10849,921294
PROP-1353,1996,2,2.0,26,5858,1,Suburban Standard,15.6,7,Good,2023-Q1,4397,446663
PROP-1354,2087,3,2.5,37,5560,0,Suburban Prime,8.3,7,Good,2023-Q4,7299,639336
PROP-1355,1448,2,1.5,7,5713,3,Suburban Prime,16.5,5,Good,2023-Q2,6123,513104
PROP-1356,2087,4,3.5,0,3933,2,Urban Metro,4.4,7,Good,2023-Q3,9600,842541
PROP-1357,1912,2,1.5,53,8126,2,Suburban Prime,16.4,3,Fair,2024-Q1,5132,493993
PROP-1358,2309,4,3.0,48,8191,3,Suburban Standard,13.1,5,Good,2023-Q3,6609,552946
PROP-1359,1562,2,2.0,48,6028,1,Suburban Standard,13.1,4,Fair,2023-Q2,4510,382299
PROP-1360,2437,4,3.5,23,9622,1,Urban Metro,2.1,6,Good,2023-Q1,10870,961422
PROP-1361,3096,4,3.0,46,11120,3,Urban Metro,2.5,1,Needs Renovation,2023-Q4,11733,1045301
PROP-1362,2029,1,1.5,6,7670,2,Urban Metro,4.9,6,Good,2023-Q2,8481,703908
PROP-1363,2361,4,3.0,18,9738,1,Urban Metro,1.8,2,Needs Renovation,2024-Q2,9724,856346
PROP-1364,2548,4,3.5,21,11110,2,Emerging Tech Corridor,5.4,6,Good,2024-Q2,9510,855614
PROP-1365,1839,2,2.0,54,7858,1,Urban Metro,3.0,1,Needs Renovation,2023-Q2,6551,606723
PROP-1366,2245,3,2.5,34,10678,2,Suburban Standard,18.7,7,Good,2024-Q1,6450,555617
PROP-1367,2108,3,3.0,29,5152,2,Emerging Tech Corridor,9.1,3,Fair,2023-Q3,7391,633566
PROP-1368,2163,2,1.5,28,6843,2,Urban Metro,5.1,5,Good,2023-Q3,7371,656690
PROP-1369,1597,2,2.0,21,8020,0,Suburban Prime,9.4,4,Fair,2024-Q1,5439,500570
PROP-1370,2115,4,3.0,10,6658,2,Exurban,42.6,6,Good,2023-Q4,4664,380804
PROP-1371,2423,3,2.5,19,5390,3,Emerging Tech Corridor,8.0,4,Fair,2023-Q1,7680,709573
PROP-1372,3043,5,4.0,28,10913,2,Suburban Prime,12.3,6,Good,2023-Q1,11734,995010
PROP-1373,2723,3,2.0,50,5915,2,Emerging Tech Corridor,13.4,4,Fair,2024-Q2,7483,687856
PROP-1374,3499,6,4.5,40,8711,3,Emerging Tech Corridor,7.2,6,Good,2023-Q4,11567,1067054
PROP-1375,1601,2,2.0,41,8316,1,Suburban Prime,17.0,1,Needs Renovation,2024-Q1,4375,421469
PROP-1376,2667,3,2.5,33,9709,1,Emerging Tech Corridor,7.5,4,Fair,2023-Q2,8026,746373
PROP-1377,2219,4,3.0,0,6137,1,Suburban Prime,15.1,5,Good,2023-Q3,8075,727356
PROP-1378,3523,5,4.0,30,18257,3,Suburban Prime,19.0,1,Needs Renovation,2023-Q2,12263,1107481
PROP-1379,1574,2,2.0,29,8005,1,Exurban,47.0,3,Fair,2023-Q3,3000,240490
PROP-1380,1554,2,2.0,47,5125,1,Emerging Tech Corridor,12.5,8,Excellent,2023-Q2,5634,479475
PROP-1381,1710,3,2.5,17,4591,3,Suburban Prime,16.2,9,Excellent,2024-Q1,6359,573801
PROP-1382,750,1,1.0,54,3487,0,Urban Metro,2.2,6,Good,2024-Q1,3622,240282
PROP-1383,1758,2,1.5,16,7441,1,Suburban Standard,22.6,4,Fair,2023-Q4,4255,386338
PROP-1384,1606,2,1.5,37,6641,0,Suburban Standard,23.4,4,Fair,2023-Q2,3448,310664
PROP-1385,2197,4,3.0,13,10625,2,Suburban Standard,12.2,6,Good,2023-Q2,6177,585819
PROP-1386,2322,3,2.5,22,9622,1,Exurban,36.0,2,Needs Renovation,2023-Q4,4362,391678
PROP-1387,3319,5,3.5,24,9176,3,Emerging Tech Corridor,12.6,9,Excellent,2023-Q4,11285,999711
PROP-1388,2717,4,3.0,14,11300,3,Suburban Prime,14.9,3,Fair,2024-Q1,9540,883562
PROP-1389,1725,2,2.0,45,4898,3,Urban Metro,2.6,10,Excellent,2024-Q1,7319,666840
PROP-1390,1516,1,1.5,21,6642,1,Suburban Prime,20.2,5,Good,2024-Q2,4703,411161
PROP-1391,2419,2,1.5,2,9451,1,Suburban Standard,14.5,6,Good,2023-Q2,6544,598411
PROP-1392,1241,2,1.5,54,2560,1,Suburban Standard,15.3,1,Needs Renovation,2024-Q1,2157,212325
PROP-1393,3290,6,4.5,18,11658,2,Suburban Prime,17.6,8,Excellent,2024-Q1,12695,1112556
PROP-1394,2866,3,2.5,43,8504,2,Suburban Prime,12.9,4,Fair,2023-Q2,8920,830805
PROP-1395,1795,2,1.5,33,5236,1,Suburban Prime,18.0,6,Good,2023-Q4,5746,542178
PROP-1396,986,2,2.0,34,3793,0,Suburban Prime,10.2,7,Good,2023-Q2,3527,310198
PROP-1397,2980,6,4.0,49,8629,2,Suburban Prime,11.5,3,Fair,2023-Q1,10468,912042
PROP-1398,2025,3,2.5,0,8993,2,Urban Metro,1.8,5,Good,2023-Q2,9214,814525
PROP-1399,2904,4,3.5,51,5926,3,Suburban Prime,21.3,5,Good,2023-Q1,9071,815980
PROP-1400,1063,1,1.5,20,4300,0,Suburban Prime,13.7,4,Fair,2023-Q2,3488,319661
PROP-1401,1710,3,3.5,28,7782,1,Suburban Standard,17.4,5,Good,2023-Q1,5077,426327
PROP-1402,2103,3,2.5,5,8596,2,Urban Metro,1.1,4,Fair,2023-Q1,9689,842125
PROP-1403,2130,3,2.0,36,7434,0,Emerging Tech Corridor,6.4,4,Fair,2023-Q2,6764,602633
PROP-1404,1807,2,2.0,0,9091,2,Suburban Standard,18.7,6,Good,2024-Q2,5478,496585
PROP-1405,2504,3,2.0,50,7060,1,Suburban Standard,13.1,6,Good,2024-Q1,5721,509872
PROP-1406,1406,2,2.0,0,2622,0,Suburban Standard,20.2,3,Fair,2023-Q3,3149,300676
PROP-1407,2007,4,3.0,26,6560,1,Suburban Prime,14.4,8,Excellent,2024-Q1,7810,701417
PROP-1408,2178,3,3.0,20,4164,2,Suburban Prime,18.7,7,Good,2023-Q1,7654,696530
PROP-1409,2434,3,2.5,52,12275,1,Exurban,41.5,5,Good,2023-Q2,4420,397414
PROP-1410,2562,4,3.5,15,6440,3,Emerging Tech Corridor,9.0,5,Good,2023-Q2,9014,817057
PROP-1411,1368,1,1.0,43,6131,1,Exurban,30.6,4,Fair,2023-Q2,2196,182087
PROP-1412,1102,2,2.5,53,4885,0,Suburban Standard,23.6,6,Good,2023-Q2,2851,232650
PROP-1413,2930,4,3.0,39,7443,2,Urban Metro,4.5,6,Good,2024-Q2,10798,974302
PROP-1414,2316,3,3.5,25,9060,1,Urban Metro,1.8,3,Fair,2023-Q3,8811,808456
PROP-1415,1613,4,3.5,15,3167,0,Suburban Standard,26.6,6,Good,2023-Q4,5018,428989
PROP-1416,3108,5,4.0,27,10704,3,Suburban Prime,8.9,4,Fair,2023-Q1,11380,1011178
PROP-1417,2175,3,2.5,0,4023,1,Suburban Prime,8.8,1,Needs Renovation,2023-Q3,7410,671487
PROP-1418,2866,4,3.5,35,14134,3,Emerging Tech Corridor,6.7,6,Good,2024-Q1,10985,943975
PROP-1419,2143,4,2.5,9,10969,1,Suburban Prime,20.7,6,Good,2023-Q4,8011,730474
PROP-1420,3439,5,4.0,42,8789,2,Suburban Prime,15.3,5,Good,2023-Q4,10664,1005568
PROP-1421,3240,4,3.5,16,8124,2,Emerging Tech Corridor,12.1,5,Good,2023-Q2,10091,919982
PROP-1422,1938,3,2.5,22,8454,2,Emerging Tech Corridor,7.1,9,Excellent,2023-Q3,7903,662336
PROP-1423,2731,4,2.5,6,7268,2,Suburban Prime,14.9,5,Good,2024-Q1,9773,881129
PROP-1424,2519,5,4.0,43,12200,2,Emerging Tech Corridor,8.2,6,Good,2023-Q2,9544,865950
PROP-1425,2989,5,4.5,52,11212,2,Emerging Tech Corridor,12.5,2,Needs Renovation,2023-Q2,9804,874657
PROP-1426,1472,2,2.5,6,4405,0,Suburban Prime,8.3,3,Fair,2024-Q2,5440,458694
PROP-1427,2545,5,4.0,43,11786,3,Urban Metro,2.2,4,Fair,2023-Q1,10956,980515
PROP-1428,2787,4,3.5,14,9692,1,Urban Metro,1.8,5,Good,2023-Q4,11209,984984
PROP-1429,956,2,2.0,33,4683,1,Suburban Prime,20.0,6,Good,2024-Q1,3543,321488
PROP-1430,1330,2,1.0,45,6590,1,Suburban Prime,14.5,4,Fair,2023-Q4,4679,401737
PROP-1431,774,1,1.0,44,1828,1,Exurban,35.1,4,Fair,2023-Q3,1398,120000
PROP-1432,1924,2,2.5,3,3478,3,Emerging Tech Corridor,9.0,4,Fair,2023-Q1,6758,614082
PROP-1433,2566,4,3.0,13,13203,2,Emerging Tech Corridor,13.7,4,Fair,2023-Q2,9180,812790
PROP-1434,3076,4,3.0,13,15013,2,Exurban,46.3,9,Excellent,2023-Q1,6145,563262
PROP-1435,2148,3,2.5,15,4271,2,Emerging Tech Corridor,11.4,6,Good,2023-Q2,7155,675837
PROP-1436,3158,4,4.0,6,14628,2,Suburban Prime,12.1,3,Fair,2023-Q1,11665,1042093
PROP-1437,1202,2,2.5,31,4034,2,Urban Metro,1.8,6,Good,2023-Q2,5179,497020
PROP-1438,992,2,3.0,18,2659,1,Suburban Standard,26.7,6,Good,2023-Q4,3020,253661
PROP-1439,2063,2,2.0,1,9877,1,Suburban Prime,13.9,6,Good,2023-Q4,7608,680376
PROP-1440,2349,3,2.5,9,5798,1,Suburban Prime,11.9,3,Fair,2023-Q4,8012,677290
PROP-1441,2078,4,2.5,49,10433,1,Suburban Standard,19.5,5,Good,2023-Q4,5441,494697
PROP-1442,756,1,2.0,16,1889,0,Exurban,47.9,2,Needs Renovation,2023-Q1,1337,120000
PROP-1443,2042,3,2.0,36,7936,2,Suburban Prime,13.4,7,Good,2023-Q2,7325,693403
PROP-1444,1252,1,1.5,11,3203,2,Emerging Tech Corridor,10.1,6,Good,2023-Q4,3937,381121
PROP-1445,2535,4,3.0,5,9266,2,Suburban Prime,19.2,5,Good,2023-Q1,8911,840653
PROP-1446,2338,3,2.5,21,9645,1,Suburban Standard,18.8,4,Fair,2023-Q2,6040,510426
PROP-1447,1489,3,2.5,31,3643,1,Urban Metro,2.2,3,Fair,2023-Q1,5880,537322
PROP-1448,1765,3,2.5,40,6302,0,Emerging Tech Corridor,14.0,2,Needs Renovation,2024-Q2,5919,492946
PROP-1449,1411,3,2.5,19,4790,2,Urban Metro,5.8,9,Excellent,2023-Q4,6506,652752
PROP-1450,2059,3,2.5,0,4203,2,Suburban Standard,25.5,3,Fair,2023-Q3,5950,489796
PROP-1451,2720,4,3.5,53,12463,3,Urban Metro,4.4,2,Needs Renovation,2023-Q1,10712,958264
PROP-1452,1459,2,1.5,46,4291,0,Suburban Prime,12.1,9,Excellent,2023-Q4,4662,407220
PROP-1453,2427,3,2.5,52,9109,2,Suburban Prime,20.8,5,Good,2024-Q1,7104,662799
PROP-1454,1755,3,3.0,5,6230,2,Suburban Prime,11.9,7,Good,2023-Q2,7802,682537
PROP-1455,1584,2,1.5,18,5615,2,Urban Metro,5.0,1,Needs Renovation,2024-Q2,5926,539147
PROP-1456,2030,3,2.5,17,4394,1,Suburban Prime,20.9,5,Good,2023-Q4,6406,603978
PROP-1457,1427,3,2.5,5,4623,1,Suburban Standard,21.6,4,Fair,2024-Q1,4036,392782
PROP-1458,1740,2,2.5,44,5808,1,Suburban Standard,24.8,6,Good,2023-Q1,3920,382880
PROP-1459,1321,2,2.0,32,5672,2,Urban Metro,5.0,1,Needs Renovation,2023-Q1,5302,463274
PROP-1460,3377,6,4.5,22,15723,2,Suburban Standard,15.1,5,Good,2024-Q1,9779,890171
PROP-1461,2122,3,3.0,22,7751,2,Urban Metro,4.3,7,Good,2024-Q2,8539,806397
PROP-1462,1645,1,1.0,25,3446,1,Suburban Prime,9.3,5,Good,2024-Q1,4617,402407
PROP-1463,2239,3,3.0,12,5833,3,Suburban Prime,15.1,5,Good,2023-Q2,7860,760021
PROP-1464,2026,4,3.5,6,4782,2,Suburban Standard,14.6,2,Needs Renovation,2023-Q1,6084,507650
PROP-1465,1956,3,2.5,14,4349,1,Suburban Prime,13.8,3,Fair,2024-Q1,7083,579252
PROP-1466,2499,3,2.5,43,7607,2,Exurban,45.8,6,Good,2023-Q3,4108,401966
PROP-1467,2592,4,3.0,26,6687,2,Suburban Prime,21.8,6,Good,2023-Q3,8978,773466
PROP-1468,1755,3,3.0,25,4461,1,Urban Metro,2.6,9,Excellent,2024-Q1,8246,726916
PROP-1469,1725,3,3.0,32,3425,0,Suburban Prime,15.4,6,Good,2023-Q2,5782,529729
PROP-1470,1921,3,2.5,14,3573,1,Emerging Tech Corridor,9.6,5,Good,2023-Q1,6281,572978
PROP-1471,750,1,1.5,35,1612,1,Suburban Standard,27.3,7,Good,2023-Q3,1588,124333
PROP-1472,1115,1,1.0,44,2659,0,Suburban Standard,19.7,2,Needs Renovation,2024-Q1,1878,168772
PROP-1473,2988,4,3.0,54,9756,2,Exurban,42.5,5,Good,2024-Q1,4182,442911
PROP-1474,3169,6,4.5,26,11204,3,Exurban,48.0,4,Fair,2023-Q4,7500,614143
PROP-1475,1938,3,2.0,4,4414,1,Suburban Standard,18.0,2,Needs Renovation,2024-Q1,5308,462410
PROP-1476,2474,4,3.0,1,8026,3,Urban Metro,5.5,6,Good,2023-Q2,10923,976732
PROP-1477,2302,4,3.0,54,6818,0,Emerging Tech Corridor,13.3,5,Good,2023-Q3,7178,660185
PROP-1478,4101,6,5.0,32,9939,3,Urban Metro,5.7,5,Good,2023-Q4,15692,1406135
PROP-1479,2827,4,3.0,15,5154,0,Suburban Standard,16.3,5,Good,2023-Q3,7863,668073
PROP-1480,2016,3,1.5,22,6829,3,Suburban Standard,18.4,5,Good,2023-Q3,5707,502628
PROP-1481,1478,2,1.0,37,6105,0,Emerging Tech Corridor,12.8,2,Needs Renovation,2023-Q2,4223,367061
PROP-1482,1055,1,1.0,54,2710,0,Suburban Prime,13.0,6,Good,2024-Q1,2165,226802
PROP-1483,2232,3,3.0,15,5017,1,Suburban Standard,21.6,5,Good,2023-Q2,5407,492211
PROP-1484,1608,1,1.0,13,7744,0,Exurban,28.0,7,Good,2024-Q1,3063,272119
PROP-1485,1175,2,1.5,28,3213,0,Urban Metro,1.3,3,Fair,2023-Q4,4888,417858
PROP-1486,1679,2,1.5,25,4298,1,Suburban Prime,13.8,3,Fair,2023-Q2,4668,427998
PROP-1487,1396,2,2.5,34,6580,1,Suburban Standard,21.3,6,Good,2023-Q2,4061,337809
PROP-1488,3196,5,4.0,14,14631,2,Exurban,34.8,7,Good,2024-Q2,7102,664823
PROP-1489,2673,4,3.5,2,8886,2,Urban Metro,3.9,5,Good,2023-Q1,11661,1039380
PROP-1490,2094,3,2.5,22,7252,1,Urban Metro,3.6,6,Good,2023-Q2,8704,779784
PROP-1491,3061,4,2.5,28,7775,1,Urban Metro,4.4,10,Excellent,2024-Q2,11031,1025518
PROP-1492,2150,4,3.5,33,4442,0,Urban Metro,4.2,10,Excellent,2023-Q1,9346,835743
PROP-1493,1540,1,1.5,32,5774,1,Exurban,35.6,6,Good,2024-Q1,2491,238024
PROP-1494,3090,5,4.0,40,6595,2,Suburban Standard,18.8,6,Good,2024-Q1,8178,692354
PROP-1495,2450,5,5.0,40,8152,1,Suburban Standard,14.3,3,Fair,2024-Q1,6766,615176
PROP-1496,1425,1,1.0,22,7121,0,Suburban Prime,15.2,7,Good,2024-Q2,4217,367178
PROP-1497,1976,2,2.5,6,9958,1,Emerging Tech Corridor,10.3,5,Good,2024-Q2,6835,643268
PROP-1498,1530,2,2.0,2,3999,2,Urban Metro,3.4,9,Excellent,2023-Q1,7256,641575
PROP-1499,1201,2,2.0,31,4710,1,Suburban Prime,12.6,2,Needs Renovation,2024-Q1,3553,328413
PROP-1500,2702,4,3.5,30,9218,2,Suburban Prime,18.1,5,Good,2023-Q3,9104,833726
PROP-1501,3341,5,4.0,17,15961,2,Urban Metro,1.4,5,Good,2023-Q2,14888,1253434
PROP-1502,1190,2,1.5,42,3240,0,Suburban Prime,20.8,5,Good,2024-Q2,3081,284620
PROP-1503,2465,4,3.5,6,4468,1,Suburban Prime,8.3,3,Fair,2024-Q2,8066,725885
PROP-1504,1677,3,2.0,40,3945,1,Urban Metro,5.8,5,Good,2024-Q2,6219,531130
PROP-1505,1783,2,2.0,0,5328,2,Urban Metro,3.3,6,Good,2023-Q1,7425,683547
PROP-1506,1714,3,2.5,13,4925,1,Emerging Tech Corridor,8.7,6,Good,2024-Q1,6307,552352
PROP-1507,1538,3,2.0,51,6906,0,Urban Metro,2.3,3,Fair,2023-Q3,6127,533464
PROP-1508,2131,3,2.5,31,8766,2,Exurban,25.3,6,Good,2023-Q2,4512,396317
PROP-1509,1559,2,2.5,5,4394,2,Urban Metro,2.4,4,Fair,2023-Q2,7440,602852
PROP-1510,2275,4,3.0,38,7635,1,Emerging Tech Corridor,6.0,3,Fair,2024-Q1,7218,666062
PROP-1511,2067,3,2.5,9,4392,1,Emerging Tech Corridor,10.9,6,Good,2023-Q3,7467,625556
PROP-1512,1944,1,1.0,6,9435,1,Exurban,33.0,7,Good,2023-Q1,3948,339923
PROP-1513,1510,3,3.0,25,7520,1,Emerging Tech Corridor,11.9,5,Good,2024-Q2,5976,509235
PROP-1514,1725,2,2.0,33,8851,1,Suburban Prime,10.9,5,Good,2024-Q2,6229,547083
PROP-1515,2591,4,4.0,29,12315,3,Suburban Prime,20.6,4,Fair,2024-Q1,10761,910558
PROP-1516,2425,4,3.0,35,5799,1,Suburban Prime,15.3,5,Good,2023-Q2,7755,700985
PROP-1517,1464,2,2.0,20,2865,1,Urban Metro,1.6,3,Fair,2024-Q2,5918,515137
PROP-1518,2164,4,3.5,16,8159,1,Urban Metro,3.0,9,Excellent,2023-Q2,10388,892535
PROP-1519,2588,4,4.0,32,12688,3,Emerging Tech Corridor,6.9,7,Good,2023-Q2,10045,911912
PROP-1520,1014,1,1.0,9,2436,1,Suburban Standard,15.2,6,Good,2024-Q1,3031,243889
PROP-1521,2453,3,3.0,50,4474,3,Suburban Standard,20.1,5,Good,2023-Q4,5763,515134
PROP-1522,1669,3,2.5,46,7575,1,Exurban,41.8,7,Good,2023-Q4,2622,267225
PROP-1523,2470,4,3.5,41,5090,2,Suburban Standard,26.6,5,Good,2023-Q4,5875,563505
PROP-1524,1603,2,2.0,50,5140,1,Suburban Standard,20.0,4,Fair,2023-Q3,3288,296061
PROP-1525,926,2,2.0,11,3804,0,Emerging Tech Corridor,13.7,3,Fair,2024-Q1,3921,323599
PROP-1526,1042,1,1.0,15,2714,1,Urban Metro,5.7,6,Good,2023-Q2,3712,387141
PROP-1527,2131,4,3.5,40,4444,1,Suburban Prime,20.1,8,Excellent,2024-Q2,7555,669185
PROP-1528,2268,4,4.0,31,10020,2,Exurban,37.5,3,Fair,2023-Q3,4847,408928
PROP-1529,1512,3,3.0,14,5961,1,Exurban,28.5,3,Fair,2023-Q4,3163,316679
PROP-1530,2515,4,3.5,26,12979,3,Emerging Tech Corridor,7.0,5,Good,2023-Q1,9755,887991
PROP-1531,1020,1,1.0,27,3030,1,Suburban Prime,17.1,7,Good,2023-Q3,3360,284688
PROP-1532,2057,3,2.0,16,4134,2,Emerging Tech Corridor,8.8,4,Fair,2023-Q3,6856,589423
PROP-1533,1312,2,2.5,45,5637,1,Urban Metro,1.7,4,Fair,2024-Q1,5826,477273
PROP-1534,1676,3,3.0,49,5989,1,Urban Metro,3.4,6,Good,2024-Q2,6898,631639
PROP-1535,2130,2,2.5,1,5378,3,Suburban Prime,8.2,5,Good,2023-Q3,7464,688346
PROP-1536,1540,1,1.0,35,6865,0,Suburban Prime,18.3,2,Needs Renovation,2024-Q2,4696,375062
PROP-1537,1850,2,2.0,49,4611,1,Suburban Prime,9.0,2,Needs Renovation,2024-Q1,5580,518513
PROP-1538,2754,5,3.5,6,7397,3,Suburban Prime,16.8,6,Good,2023-Q1,10629,935479
PROP-1539,1725,3,2.5,12,3647,2,Urban Metro,5.0,5,Good,2023-Q2,8011,656849
PROP-1540,2643,4,3.5,14,8346,2,Suburban Prime,9.9,9,Excellent,2023-Q2,10486,916110
PROP-1541,1365,2,1.5,24,4401,1,Emerging Tech Corridor,9.7,6,Good,2023-Q4,5182,441727
PROP-1542,2444,4,3.5,22,8675,2,Suburban Standard,24.5,1,Needs Renovation,2023-Q4,6765,569809
PROP-1543,3037,5,4.0,21,12787,2,Urban Metro,2.3,5,Good,2023-Q1,13231,1167323
PROP-1544,750,1,1.5,25,3660,0,Suburban Prime,10.3,5,Good,2023-Q2,3095,255237
PROP-1545,1582,2,1.5,32,3588,1,Suburban Standard,17.4,2,Needs Renovation,2023-Q4,3124,288152
PROP-1546,2475,4,3.5,10,4912,2,Suburban Prime,15.8,8,Excellent,2024-Q2,9664,831860
PROP-1547,1968,3,1.5,9,3666,1,Suburban Prime,16.1,7,Good,2023-Q3,6453,565147
PROP-1548,2341,4,3.0,24,5356,2,Suburban Standard,14.1,3,Fair,2024-Q1,5567,536683
PROP-1549,1707,3,2.0,36,6891,3,Exurban,36.4,4,Fair,2023-Q4,3815,334185
PROP-1550,2156,1,1.5,47,9213,2,Urban Metro,2.3,1,Needs Renovation,2023-Q1,6723,658459
PROP-1551,1998,3,3.0,42,8939,1,Suburban Prime,19.8,4,Fair,2023-Q2,6842,591787
PROP-1552,2859,4,3.5,52,7515,3,Suburban Prime,12.4,5,Good,2023-Q1,9969,896362
PROP-1553,2265,2,2.5,37,6432,1,Suburban Standard,25.4,5,Good,2024-Q1,5404,431468
PROP-1554,2319,4,3.0,40,7983,0,Urban Metro,3.1,9,Excellent,2024-Q1,9605,844484
PROP-1555,1832,3,3.5,44,3691,1,Urban Metro,4.6,2,Needs Renovation,2023-Q1,7227,620578
PROP-1556,1783,2,2.5,23,6914,2,Suburban Prime,15.1,5,Good,2023-Q4,5346,505442
PROP-1557,1818,3,2.5,39,9353,2,Exurban,40.5,7,Good,2023-Q4,4009,339631
PROP-1558,2356,4,4.0,45,7131,2,Suburban Standard,18.3,5,Good,2023-Q2,5894,543422
PROP-1559,1826,3,2.0,32,7960,1,Suburban Standard,24.3,1,Needs Renovation,2024-Q2,4346,358861
PROP-1560,2288,4,3.0,16,8008,2,Emerging Tech Corridor,8.8,3,Fair,2023-Q2,7722,719500
PROP-1561,3449,6,4.5,23,7706,2,Urban Metro,3.3,4,Fair,2023-Q3,13381,1191819
PROP-1562,2666,4,3.0,36,10076,2,Emerging Tech Corridor,9.7,9,Excellent,2024-Q2,8907,826367
PROP-1563,1888,2,1.5,1,5323,2,Suburban Standard,25.3,8,Excellent,2023-Q3,4620,409139
PROP-1564,2880,4,4.0,31,5520,2,Suburban Prime,17.2,9,Excellent,2023-Q2,10731,903961
PROP-1565,1834,2,2.0,23,7260,2,Emerging Tech Corridor,8.1,7,Good,2024-Q2,6761,584408
PROP-1566,775,2,2.0,8,3658,0,Emerging Tech Corridor,11.0,4,Fair,2024-Q2,3109,278521
PROP-1567,1444,2,1.5,3,4291,2,Emerging Tech Corridor,10.8,8,Excellent,2023-Q3,5063,518011
PROP-1568,883,1,1.0,16,2761,0,Urban Metro,5.7,10,Excellent,2023-Q1,3785,352318
PROP-1569,1871,3,2.5,16,9035,1,Exurban,46.0,4,Fair,2023-Q4,3852,331299
PROP-1570,2111,3,2.0,52,9639,1,Exurban,41.2,4,Fair,2024-Q2,3334,311387
PROP-1571,3189,6,4.5,49,13492,1,Suburban Prime,12.8,5,Good,2024-Q2,11315,972041
PROP-1572,2312,3,2.0,47,6117,0,Urban Metro,4.9,3,Fair,2023-Q3,7700,685625
PROP-1573,1957,3,3.5,29,9578,0,Urban Metro,3.9,1,Needs Renovation,2024-Q2,8061,690903
PROP-1574,2639,3,3.0,39,6135,2,Exurban,49.6,9,Excellent,2023-Q3,5440,480297
PROP-1575,750,1,1.0,10,2948,0,Suburban Standard,16.0,8,Excellent,2023-Q1,2291,211995
PROP-1576,2253,3,3.0,20,4276,2,Suburban Prime,9.1,3,Fair,2024-Q2,7428,675919
PROP-1577,2601,4,3.0,20,10374,2,Suburban Prime,9.0,5,Good,2024-Q1,9300,857471
PROP-1578,1138,1,1.5,17,3120,1,Suburban Prime,17.0,7,Good,2023-Q2,4475,370239
PROP-1579,2843,4,3.5,54,9464,2,Suburban Standard,27.0,6,Good,2023-Q1,7067,642479
PROP-1580,2320,3,2.5,28,6899,2,Suburban Prime,8.0,4,Fair,2024-Q1,8492,744232
PROP-1581,1830,3,3.0,23,4368,2,Exurban,43.1,6,Good,2023-Q1,3369,314923
PROP-1582,2511,3,3.0,9,9829,2,Suburban Standard,22.5,8,Excellent,2023-Q4,6950,649604
PROP-1583,3575,6,5.0,44,17155,3,Emerging Tech Corridor,11.6,8,Excellent,2023-Q1,13281,1170974
PROP-1584,2218,3,2.0,16,11225,1,Suburban Prime,13.0,4,Fair,2023-Q1,7605,699021
PROP-1585,2261,2,1.5,17,5548,0,Urban Metro,5.1,3,Fair,2023-Q4,7367,668530
PROP-1586,1801,2,2.0,41,7634,2,Suburban Prime,8.6,8,Excellent,2024-Q2,6106,578659
PROP-1587,1547,2,2.0,47,6278,0,Suburban Prime,18.6,2,Needs Renovation,2023-Q2,4208,388936
PROP-1588,2639,4,3.0,19,7831,3,Urban Metro,2.3,6,Good,2024-Q1,11256,1004426
PROP-1589,1543,3,3.5,36,2877,1,Exurban,36.9,3,Fair,2023-Q3,2868,263836
PROP-1590,2146,2,2.5,44,8895,1,Suburban Prime,19.5,4,Fair,2023-Q2,6230,534409
PROP-1591,1789,3,3.0,17,8971,0,Urban Metro,2.4,5,Good,2023-Q1,7910,702364
PROP-1592,2411,3,2.5,16,9521,3,Urban Metro,1.9,3,Fair,2023-Q3,11195,916865
PROP-1593,2316,4,3.0,8,7596,1,Suburban Prime,17.5,8,Excellent,2023-Q4,8801,774446
PROP-1594,2774,4,3.0,13,9946,2,Exurban,38.3,1,Needs Renovation,2023-Q2,5357,524826
PROP-1595,1768,2,2.0,48,4382,1,Suburban Prime,15.2,8,Excellent,2024-Q2,5507,497443
PROP-1596,1924,3,2.5,28,8372,1,Suburban Prime,11.6,8,Excellent,2024-Q1,6809,611409
PROP-1597,1463,1,1.0,30,6346,1,Suburban Standard,12.6,4,Fair,2023-Q2,3116,294658
PROP-1598,1811,3,2.5,3,4155,1,Suburban Prime,13.7,6,Good,2023-Q2,6602,587602
PROP-1599,2345,3,2.5,17,11221,1,Urban Metro,1.5,4,Fair,2024-Q2,9320,849451
PROP-1600,2592,5,3.0,19,7037,2,Urban Metro,5.5,6,Good,2023-Q3,10657,942625
PROP-1601,1500,2,1.5,46,7709,1,Suburban Prime,8.6,5,Good,2023-Q4,4446,448108
PROP-1602,2665,4,3.0,42,8266,2,Urban Metro,3.2,4,Fair,2024-Q2,10531,909662
PROP-1603,2981,4,4.0,43,7168,2,Urban Metro,1.3,5,Good,2023-Q4,11368,1057292
PROP-1604,2368,2,2.0,8,7094,2,Emerging Tech Corridor,5.9,6,Good,2024-Q2,7572,683176
PROP-1605,3319,4,3.0,12,10941,2,Urban Metro,4.3,8,Excellent,2023-Q2,13178,1196320
PROP-1606,1597,2,2.0,14,3250,3,Emerging Tech Corridor,10.8,3,Fair,2023-Q4,5648,496105
PROP-1607,1290,2,1.5,26,4858,2,Emerging Tech Corridor,5.3,5,Good,2023-Q3,4848,437795
PROP-1608,943,1,1.5,14,3613,1,Suburban Prime,8.0,4,Fair,2023-Q3,3487,304624
PROP-1609,3072,5,4.0,27,13247,1,Suburban Prime,9.1,7,Good,2024-Q1,11831,1026625
PROP-1610,2525,3,2.5,36,4795,2,Urban Metro,4.8,2,Needs Renovation,2023-Q4,9192,800215
PROP-1611,2063,3,3.0,54,7509,1,Suburban Standard,21.4,6,Good,2024-Q1,4739,422199
PROP-1612,2281,4,3.0,18,4516,1,Suburban Standard,12.6,3,Fair,2024-Q2,6017,524949
PROP-1613,1368,2,1.5,25,5723,0,Suburban Standard,19.8,5,Good,2023-Q1,3915,297120
PROP-1614,3689,5,4.0,51,7339,2,Urban Metro,4.6,7,Good,2023-Q3,13969,1225702
PROP-1615,2183,3,3.0,25,10696,2,Exurban,46.7,6,Good,2023-Q2,4472,407203
PROP-1616,2171,2,1.5,24,9090,3,Urban Metro,5.7,6,Good,2023-Q3,9139,781793
PROP-1617,2571,3,1.5,25,9063,2,Suburban Prime,12.6,5,Good,2023-Q1,9027,795541
PROP-1618,2412,3,2.5,25,7962,3,Suburban Prime,9.9,8,Excellent,2023-Q2,8445,779826
PROP-1619,2245,3,3.0,45,5038,0,Urban Metro,2.2,5,Good,2023-Q4,8193,736361
PROP-1620,1586,2,2.5,27,4423,1,Suburban Prime,18.9,8,Excellent,2023-Q4,5460,526983
PROP-1621,2406,4,3.0,48,11439,1,Emerging Tech Corridor,13.7,5,Good,2023-Q3,6913,678521
PROP-1622,3323,5,4.0,17,16200,3,Emerging Tech Corridor,9.2,5,Good,2023-Q2,11980,1095117
PROP-1623,2974,4,4.0,31,5360,2,Emerging Tech Corridor,7.7,3,Fair,2024-Q2,9180,816381
PROP-1624,3135,5,3.5,52,11975,2,Suburban Prime,14.0,5,Good,2023-Q2,11289,1004638
PROP-1625,1767,3,2.5,2,7502,2,Suburban Standard,16.9,3,Fair,2024-Q1,4878,473413
PROP-1626,1456,1,1.5,1,5683,0,Urban Metro,2.3,7,Good,2023-Q1,5466,551757
PROP-1627,2018,4,3.5,32,4192,1,Suburban Prime,16.3,6,Good,2023-Q4,7195,603050
PROP-1628,2136,3,2.5,41,5426,2,Urban Metro,1.1,10,Excellent,2023-Q3,8807,783789
PROP-1629,2811,4,3.5,18,7452,2,Suburban Prime,11.6,2,Needs Renovation,2023-Q2,9928,844785
PROP-1630,999,2,1.0,16,4623,0,Suburban Prime,17.3,3,Fair,2023-Q4,4085,324672
PROP-1631,3094,5,3.5,43,10441,2,Suburban Prime,8.4,7,Good,2023-Q3,11416,999669
PROP-1632,1997,3,3.0,32,6900,1,Suburban Standard,13.3,4,Fair,2023-Q4,4897,435660
PROP-1633,1822,3,2.0,11,9071,1,Exurban,32.3,5,Good,2023-Q3,3927,361339
PROP-1634,1442,2,2.0,48,5719,1,Suburban Prime,20.3,7,Good,2023-Q4,4524,384721
PROP-1635,1024,1,1.5,2,4972,0,Exurban,44.1,5,Good,2024-Q2,1339,123864
PROP-1636,2635,3,2.5,42,8832,3,Emerging Tech Corridor,5.2,3,Fair,2024-Q1,8395,765429
PROP-1637,2147,3,2.5,48,4955,1,Suburban Prime,15.0,8,Excellent,2023-Q1,6548,640856
PROP-1638,1261,2,1.5,54,6256,1,Suburban Standard,16.4,1,Needs Renovation,2023-Q4,2775,250081
PROP-1639,1258,1,1.0,25,4226,0,Urban Metro,4.2,8,Excellent,2023-Q1,5602,470868
PROP-1640,1881,3,3.0,34,4547,2,Emerging Tech Corridor,11.5,2,Needs Renovation,2023-Q4,6600,555575
PROP-1641,3184,4,3.5,7,9004,2,Suburban Standard,25.8,6,Good,2023-Q2,8382,747048
PROP-1642,1931,2,1.5,51,3809,1,Exurban,36.9,2,Needs Renovation,2024-Q1,2213,221448
PROP-1643,1122,1,1.5,35,3806,1,Suburban Standard,27.9,6,Good,2024-Q2,2938,238146
PROP-1644,1940,3,3.0,52,9119,1,Emerging Tech Corridor,13.8,1,Needs Renovation,2024-Q1,5601,500535
PROP-1645,1922,2,1.0,53,9560,1,Emerging Tech Corridor,12.9,7,Good,2023-Q1,6171,560798
PROP-1646,750,2,2.5,6,3728,0,Suburban Prime,16.0,5,Good,2023-Q2,3209,325544
PROP-1647,2064,2,2.0,45,4594,2,Suburban Prime,13.6,2,Needs Renovation,2023-Q3,7300,595494
PROP-1648,1949,3,3.0,45,6039,1,Suburban Prime,13.1,6,Good,2024-Q1,6990,604392
PROP-1649,2552,4,4.0,35,4838,2,Suburban Prime,8.2,5,Good,2024-Q2,9490,824692
PROP-1650,3301,5,3.5,15,15539,3,Urban Metro,2.2,3,Fair,2023-Q2,13550,1232997
PROP-1651,2832,5,3.5,23,8551,2,Emerging Tech Corridor,11.5,1,Needs Renovation,2023-Q2,9443,841062
PROP-1652,1925,2,2.0,53,7595,2,Suburban Prime,16.5,5,Good,2023-Q1,5747,515381
PROP-1653,1380,2,1.5,0,5838,1,Exurban,47.9,2,Needs Renovation,2024-Q2,2293,183857
PROP-1654,3772,6,5.0,48,12302,2,Emerging Tech Corridor,5.5,2,Needs Renovation,2023-Q2,12973,1121910
PROP-1655,2138,3,2.5,24,6075,2,Suburban Standard,14.5,4,Fair,2023-Q2,5157,498925
PROP-1656,2109,4,3.0,9,10695,0,Exurban,44.7,6,Good,2023-Q3,3966,382911
PROP-1657,2084,3,2.5,53,10585,2,Suburban Prime,13.0,5,Good,2023-Q1,7197,625369
PROP-1658,2228,3,2.0,15,6202,3,Emerging Tech Corridor,6.1,2,Needs Renovation,2023-Q1,7305,665868
PROP-1659,2006,3,2.5,15,6882,1,Suburban Prime,22.0,9,Excellent,2024-Q2,7284,628581
PROP-1660,1727,2,2.0,7,8820,1,Suburban Prime,19.0,8,Excellent,2023-Q2,6498,590226
PROP-1661,1744,3,2.5,28,3168,1,Suburban Prime,13.7,4,Fair,2023-Q3,5172,495310
PROP-1662,2078,3,2.5,38,6656,1,Suburban Prime,19.5,2,Needs Renovation,2023-Q4,5906,574487
PROP-1663,1746,1,1.0,27,3739,2,Suburban Standard,22.9,9,Excellent,2024-Q1,3976,342087
PROP-1664,1636,3,2.0,5,5776,0,Suburban Prime,19.1,5,Good,2023-Q1,5648,490712
PROP-1665,2169,2,2.0,15,4086,1,Suburban Prime,19.4,4,Fair,2023-Q3,6256,532646
PROP-1666,1934,3,3.5,19,6156,2,Exurban,27.1,5,Good,2024-Q2,4429,386723
PROP-1667,3077,5,4.0,15,7847,2,Suburban Standard,22.0,6,Good,2023-Q3,7580,777499
PROP-1668,750,1,1.5,6,2709,0,Suburban Prime,8.1,3,Fair,2023-Q2,3271,278584
PROP-1669,2809,4,3.5,40,14568,2,Suburban Standard,12.7,6,Good,2024-Q1,7544,712636
PROP-1670,2909,4,3.0,13,13153,3,Emerging Tech Corridor,13.1,6,Good,2023-Q1,9409,890189
PROP-1671,752,1,2.0,42,3515,0,Exurban,38.2,5,Good,2023-Q4,747,120000
PROP-1672,1877,2,2.0,25,7432,2,Suburban Prime,18.3,7,Good,2023-Q2,5984,590072
PROP-1673,1858,3,3.5,25,3606,0,Urban Metro,5.2,3,Fair,2023-Q1,7171,632810
PROP-1674,1185,2,1.5,13,2966,0,Suburban Prime,21.3,5,Good,2024-Q2,3877,365828
PROP-1675,1594,3,3.5,6,7882,1,Suburban Prime,20.2,5,Good,2023-Q1,6206,594799
PROP-1676,1378,1,1.5,32,4195,1,Emerging Tech Corridor,9.3,5,Good,2023-Q3,4679,417163
PROP-1677,3238,5,4.0,25,6969,3,Suburban Prime,12.7,4,Fair,2024-Q1,10575,973843
PROP-1678,2708,3,2.5,44,11341,1,Exurban,28.9,4,Fair,2023-Q4,5110,430034
PROP-1679,2926,4,3.0,19,8245,3,Suburban Prime,13.6,2,Needs Renovation,2024-Q1,10050,858531
PROP-1680,2569,4,4.0,2,6972,2,Exurban,34.2,4,Fair,2023-Q3,5494,496375
PROP-1681,1366,3,2.5,51,7093,0,Urban Metro,3.8,4,Fair,2023-Q4,6347,529845
PROP-1682,1759,2,1.0,3,8298,0,Emerging Tech Corridor,11.0,6,Good,2023-Q4,6145,511870
PROP-1683,2418,3,2.0,25,7706,2,Exurban,49.5,1,Needs Renovation,2023-Q2,3997,354610
PROP-1684,1305,2,2.0,10,6698,2,Exurban,43.2,6,Good,2023-Q4,3462,262676
PROP-1685,2563,4,3.5,1,10278,2,Urban Metro,4.2,3,Fair,2023-Q1,11051,1003363
PROP-1686,1943,2,2.0,13,8399,1,Urban Metro,2.7,2,Needs Renovation,2024-Q1,6380,622022
PROP-1687,1856,3,3.0,43,3539,0,Suburban Standard,12.6,4,Fair,2024-Q2,4283,424057
PROP-1688,2562,3,2.0,29,5670,3,Urban Metro,2.4,3,Fair,2024-Q2,9093,829840
PROP-1689,2388,3,2.5,48,9438,2,Urban Metro,4.8,5,Good,2024-Q1,9264,812917
PROP-1690,1865,3,2.0,11,9057,1,Urban Metro,2.0,4,Fair,2023-Q2,7980,743435
PROP-1691,2853,4,3.5,25,11185,3,Suburban Prime,18.0,9,Excellent,2023-Q4,10433,949629
PROP-1692,1397,2,2.0,43,3151,1,Suburban Prime,16.1,9,Excellent,2023-Q3,4009,391498
PROP-1693,2500,4,3.5,32,5483,1,Urban Metro,1.9,5,Good,2023-Q1,9286,846635
PROP-1694,2485,4,3.0,12,11605,2,Urban Metro,2.3,7,Good,2023-Q2,11515,992214
PROP-1695,1898,2,2.5,13,4315,1,Suburban Prime,14.9,1,Needs Renovation,2023-Q4,5948,521519
PROP-1696,2311,3,3.0,23,8247,1,Suburban Standard,18.7,5,Good,2024-Q2,5884,540858
PROP-1697,1286,3,3.0,33,2477,1,Urban Metro,4.9,6,Good,2023-Q3,6071,509402
PROP-1698,2700,4,3.0,43,5600,3,Suburban Prime,18.3,3,Fair,2023-Q4,8967,799992
PROP-1699,1979,3,3.0,25,8086,0,Exurban,39.4,2,Needs Renovation,2023-Q2,3732,329655
PROP-1700,1760,3,2.5,20,7292,0,Exurban,45.6,3,Fair,2023-Q3,3118,247835
PROP-1701,2781,4,3.5,27,8234,2,Exurban,39.1,5,Good,2023-Q3,5722,520112
PROP-1702,1642,3,3.5,47,4159,0,Emerging Tech Corridor,13.7,5,Good,2023-Q3,6082,518554
PROP-1703,1184,2,2.5,35,5406,1,Suburban Prime,11.0,4,Fair,2023-Q3,4665,393927
PROP-1704,1088,1,1.0,39,2761,1,Suburban Standard,23.4,5,Good,2023-Q4,2175,198142
PROP-1705,2493,4,3.5,1,9081,3,Suburban Prime,13.2,5,Good,2023-Q3,9143,853779
PROP-1706,1267,1,1.0,41,6451,1,Suburban Standard,16.5,6,Good,2023-Q4,2924,260802
PROP-1707,3240,4,3.5,8,7460,2,Suburban Prime,10.5,2,Needs Renovation,2023-Q3,11289,977535
PROP-1708,750,1,1.5,22,3749,0,Suburban Standard,20.8,6,Good,2023-Q3,2474,198937
PROP-1709,3202,5,3.5,14,7754,3,Suburban Prime,11.0,6,Good,2023-Q2,12166,1040492
PROP-1710,2237,4,3.0,12,8342,0,Urban Metro,2.0,6,Good,2023-Q4,9845,892202
PROP-1711,2037,4,3.0,22,6277,1,Emerging Tech Corridor,13.9,6,Good,2024-Q2,7514,650060
PROP-1712,1745,3,2.5,16,8865,1,Urban Metro,5.0,5,Good,2023-Q4,7157,666026
PROP-1713,2359,4,3.0,47,6440,1,Suburban Prime,18.5,3,Fair,2024-Q1,7221,639401
PROP-1714,2075,2,2.0,1,6554,0,Urban Metro,5.0,5,Good,2024-Q2,8605,738782
PROP-1715,2817,4,3.5,19,14484,2,Suburban Prime,21.6,9,Excellent,2023-Q2,11225,978034
PROP-1716,2174,3,2.5,19,7878,2,Urban Metro,3.9,5,Good,2023-Q4,8613,766287
PROP-1717,2197,3,2.5,45,7709,2,Exurban,30.5,1,Needs Renovation,2023-Q2,3900,355422
PROP-1718,1863,3,3.0,2,4986,2,Suburban Prime,20.1,2,Needs Renovation,2024-Q2,6330,591841
PROP-1719,2062,3,3.5,54,8628,1,Suburban Prime,18.4,10,Excellent,2023-Q2,7214,650199
PROP-1720,2300,2,1.5,11,4252,2,Suburban Prime,13.8,2,Needs Renovation,2023-Q2,6203,589017
PROP-1721,988,2,1.5,39,1944,1,Suburban Standard,19.6,1,Needs Renovation,2023-Q1,1702,161176
PROP-1722,1223,1,1.5,1,4693,0,Emerging Tech Corridor,8.7,4,Fair,2023-Q4,3336,346313
PROP-1723,2583,4,3.0,35,7650,2,Suburban Standard,26.9,9,Excellent,2023-Q2,6105,580427
PROP-1724,2211,4,3.0,13,11146,2,Suburban Standard,17.5,4,Fair,2023-Q1,6966,599153
PROP-1725,1980,2,2.0,15,9644,1,Exurban,49.1,5,Good,2023-Q1,3963,334041
PROP-1726,2111,2,1.0,18,8922,2,Emerging Tech Corridor,13.2,6,Good,2023-Q3,6630,599774
PROP-1727,2325,3,3.0,33,10652,3,Suburban Standard,22.1,1,Needs Renovation,2023-Q3,5516,490800
PROP-1728,1749,3,2.5,43,7116,2,Urban Metro,3.9,8,Excellent,2024-Q2,7652,677891
PROP-1729,1594,3,2.5,45,3549,1,Suburban Standard,17.9,5,Good,2023-Q4,4242,366451
PROP-1730,2227,2,2.0,5,9805,1,Suburban Prime,8.3,5,Good,2023-Q3,7776,684841
PROP-1731,1464,2,2.0,12,3681,2,Suburban Standard,14.0,7,Good,2024-Q2,3596,356887
PROP-1732,2365,3,2.0,35,6857,1,Emerging Tech Corridor,11.8,9,Excellent,2023-Q4,6901,681687
PROP-1733,993,1,2.0,21,4553,1,Suburban Standard,19.5,5,Good,2024-Q2,2474,248161
PROP-1734,2768,6,4.5,17,10031,2,Emerging Tech Corridor,6.3,3,Fair,2023-Q1,9901,888240
PROP-1735,2407,3,3.0,11,11370,0,Urban Metro,2.3,7,Good,2023-Q1,10780,936806
PROP-1736,2266,3,3.0,51,5720,2,Urban Metro,5.7,5,Good,2023-Q4,8262,731449
PROP-1737,2738,4,3.0,53,10586,3,Suburban Prime,13.1,8,Excellent,2024-Q2,9803,861008
PROP-1738,3182,5,4.0,29,6634,1,Exurban,47.7,9,Excellent,2024-Q2,6383,593986
PROP-1739,2759,4,3.0,52,10998,2,Emerging Tech Corridor,7.7,2,Needs Renovation,2023-Q3,8817,789197
PROP-1740,903,1,1.5,50,3966,0,Suburban Standard,20.7,9,Excellent,2023-Q3,2415,213918
PROP-1741,1268,1,1.0,39,4804,0,Suburban Standard,12.3,4,Fair,2023-Q4,2819,271996
PROP-1742,1693,2,2.0,6,4579,0,Suburban Standard,20.4,6,Good,2024-Q1,3621,351955
PROP-1743,2116,3,2.5,31,4034,2,Exurban,40.9,1,Needs Renovation,2023-Q3,3798,345197
PROP-1744,2436,4,3.5,47,5374,2,Emerging Tech Corridor,7.1,8,Excellent,2023-Q2,8960,782361
PROP-1745,1628,2,2.0,18,6374,1,Suburban Standard,21.3,6,Good,2023-Q3,3922,374453
PROP-1746,2221,3,2.5,5,11053,1,Suburban Standard,22.4,6,Good,2024-Q1,6061,546752
PROP-1747,1609,2,1.5,19,4026,1,Urban Metro,4.4,8,Excellent,2024-Q2,6473,541703
PROP-1748,1702,3,2.5,26,7317,1,Suburban Standard,24.4,5,Good,2023-Q1,4588,423634
PROP-1749,1185,1,1.0,52,5623,0,Suburban Prime,12.4,5,Good,2023-Q1,2597,231707
PROP-1750,1499,1,1.5,42,5352,0,Urban Metro,3.8,7,Good,2024-Q2,5521,495816
PROP-1751,1221,2,2.0,36,4976,0,Emerging Tech Corridor,13.8,6,Good,2023-Q1,3607,327097
PROP-1752,1465,1,1.0,47,6696,0,Suburban Prime,20.6,9,Excellent,2023-Q3,5110,411610
PROP-1753,2784,4,3.0,6,7478,2,Exurban,48.8,9,Excellent,2023-Q1,5991,526783
PROP-1754,1482,2,1.5,4,4163,2,Suburban Prime,13.4,4,Fair,2024-Q1,5101,497541
PROP-1755,3811,6,4.0,10,6867,3,Suburban Prime,19.0,5,Good,2024-Q1,13319,1148284
PROP-1756,2420,2,1.5,14,12280,2,Suburban Prime,16.7,4,Fair,2023-Q3,7823,691189
PROP-1757,2220,5,4.0,2,10921,2,Urban Metro,1.4,6,Good,2024-Q2,10544,951472
PROP-1758,1542,3,3.0,4,6784,0,Suburban Prime,19.5,4,Fair,2023-Q2,6538,547615
PROP-1759,2555,4,3.5,22,5285,1,Suburban Prime,17.5,7,Good,2023-Q3,8786,805345
PROP-1760,1725,2,1.5,52,5729,2,Urban Metro,2.0,2,Needs Renovation,2023-Q1,6651,547897
PROP-1761,2179,3,3.0,36,4677,1,Suburban Prime,9.1,2,Needs Renovation,2023-Q3,7039,626024
PROP-1762,3764,6,4.5,8,6978,3,Urban Metro,5.2,3,Fair,2024-Q1,15334,1342190
PROP-1763,2037,3,2.5,14,7934,2,Suburban Standard,13.3,2,Needs Renovation,2023-Q3,6391,488529
PROP-1764,2847,5,3.5,2,14425,2,Urban Metro,1.5,6,Good,2023-Q3,13104,1165199
PROP-1765,1642,2,1.0,28,7996,2,Suburban Standard,18.8,3,Fair,2023-Q2,3773,339473
PROP-1766,2077,3,2.5,5,8658,2,Emerging Tech Corridor,6.2,3,Fair,2024-Q1,7147,666787
PROP-1767,3251,5,4.0,16,6920,3,Suburban Prime,20.8,1,Needs Renovation,2023-Q4,11575,1036772
PROP-1768,1692,2,2.0,25,4622,1,Exurban,36.8,7,Good,2023-Q4,2898,286579
PROP-1769,3278,6,4.5,20,9467,3,Suburban Standard,21.1,7,Good,2024-Q1,8816,792219
PROP-1770,2560,4,3.0,7,11250,2,Suburban Standard,26.8,3,Fair,2023-Q4,7704,610356
PROP-1771,1734,1,1.5,20,7850,1,Urban Metro,3.7,6,Good,2023-Q1,6520,579013
PROP-1772,2511,4,3.0,10,7807,2,Emerging Tech Corridor,8.2,5,Good,2023-Q4,8823,802678
PROP-1773,2732,4,3.5,37,8799,3,Emerging Tech Corridor,12.2,3,Fair,2023-Q1,8838,794750
PROP-1774,2504,4,3.0,7,4886,2,Suburban Prime,14.2,6,Good,2024-Q1,8817,798348
PROP-1775,1079,1,1.0,41,3002,2,Urban Metro,2.6,3,Fair,2023-Q4,3922,322136
PROP-1776,1627,3,2.0,23,5425,1,Suburban Prime,18.1,6,Good,2023-Q4,5774,517977
PROP-1777,1939,3,2.5,34,4261,1,Suburban Standard,24.8,1,Needs Renovation,2024-Q2,4642,371448
PROP-1778,2051,2,2.5,54,6852,2,Suburban Prime,19.1,9,Excellent,2023-Q1,6756,611757
PROP-1779,2503,4,3.5,13,11766,3,Suburban Standard,27.6,2,Needs Renovation,2023-Q1,7370,664782
PROP-1780,2215,3,3.0,54,8364,2,Urban Metro,4.9,5,Good,2023-Q3,8057,743466
PROP-1781,1232,1,1.5,13,2548,1,Emerging Tech Corridor,11.9,8,Excellent,2023-Q2,4322,396239
PROP-1782,2347,3,2.0,9,5754,2,Suburban Prime,20.0,1,Needs Renovation,2023-Q4,6233,603000
PROP-1783,2496,4,3.0,11,8519,2,Urban Metro,1.0,5,Good,2024-Q2,9947,945228
PROP-1784,2463,4,3.0,37,7460,1,Suburban Standard,17.8,4,Fair,2023-Q2,6460,560140
PROP-1785,2802,4,4.0,43,8461,3,Urban Metro,4.7,5,Good,2024-Q2,10584,991810
PROP-1786,2642,4,3.0,54,9509,1,Urban Metro,4.0,3,Fair,2023-Q2,9409,829283
PROP-1787,2398,4,3.5,45,9081,1,Suburban Prime,10.5,2,Needs Renovation,2023-Q4,7945,722803
PROP-1788,2054,3,3.0,33,9262,1,Suburban Prime,12.3,6,Good,2024-Q2,8124,700194
PROP-1789,1020,1,2.0,40,3018,0,Exurban,33.4,5,Good,2023-Q1,1001,135585
PROP-1790,2379,4,3.0,9,10797,2,Emerging Tech Corridor,10.1,6,Good,2023-Q3,9300,814420
PROP-1791,2234,4,3.5,16,6593,2,Suburban Prime,19.6,3,Fair,2024-Q2,8393,740577
PROP-1792,2276,4,4.0,16,4525,2,Urban Metro,5.7,4,Fair,2024-Q1,10328,912457
PROP-1793,1270,2,1.5,2,4678,0,Suburban Prime,18.5,5,Good,2023-Q4,4521,373618
PROP-1794,1397,2,1.5,30,5307,1,Suburban Standard,25.5,5,Good,2023-Q4,3101,275070
PROP-1795,2784,5,3.0,50,13857,2,Suburban Prime,14.6,4,Fair,2024-Q1,8989,868172
PROP-1796,2074,3,3.0,0,8853,2,Urban Metro,2.9,4,Fair,2023-Q2,9570,842453
PROP-1797,2542,3,2.0,11,12507,2,Suburban Prime,13.5,4,Fair,2023-Q3,8481,748672
PROP-1798,2118,3,2.5,38,10353,2,Emerging Tech Corridor,10.5,3,Fair,2023-Q2,7208,650150
PROP-1799,2119,3,3.0,3,8169,1,Suburban Prime,9.7,4,Fair,2024-Q1,7686,708854
PROP-1800,2709,4,3.5,41,9737,2,Emerging Tech Corridor,10.2,3,Fair,2024-Q1,8708,787197
PROP-1801,1764,2,2.0,12,6518,2,Suburban Prime,17.3,6,Good,2023-Q3,6886,575767
PROP-1802,2162,3,2.5,33,11083,1,Urban Metro,3.2,5,Good,2024-Q1,8760,806849
PROP-1803,1799,2,2.5,41,7967,1,Suburban Prime,21.3,4,Fair,2024-Q1,5405,529214
PROP-1804,1817,1,1.0,20,3927,1,Suburban Prime,16.5,4,Fair,2024-Q2,4669,456209
PROP-1805,1899,3,2.5,21,8444,0,Urban Metro,2.1,3,Fair,2023-Q3,7704,688833
PROP-1806,2244,3,2.5,3,5340,2,Urban Metro,3.4,5,Good,2023-Q4,9808,831001
PROP-1807,1788,2,2.0,17,5937,1,Urban Metro,4.4,8,Excellent,2023-Q2,8402,691143
PROP-1808,2916,5,4.5,4,7335,2,Urban Metro,2.6,6,Good,2023-Q4,12965,1140195
PROP-1809,1518,3,3.0,18,6291,1,Suburban Prime,9.1,6,Good,2023-Q4,6120,572741
PROP-1810,1978,2,2.5,1,9460,2,Exurban,39.6,7,Good,2024-Q2,4319,409138
PROP-1811,1814,2,1.5,11,5056,1,Suburban Prime,21.3,4,Fair,2023-Q2,6383,546505
PROP-1812,3040,4,4.0,16,6319,3,Suburban Standard,19.8,2,Needs Renovation,2023-Q4,8082,686005
PROP-1813,2227,3,3.0,9,6268,1,Suburban Prime,20.7,6,Good,2023-Q3,7967,728570
PROP-1814,2770,5,4.5,33,11318,3,Suburban Prime,19.7,3,Fair,2023-Q2,11274,968455
PROP-1815,1134,1,2.0,5,3308,0,Urban Metro,1.7,5,Good,2023-Q1,4650,421400
PROP-1816,2273,3,2.0,7,6240,2,Suburban Prime,17.9,6,Good,2024-Q2,8032,698030
PROP-1817,2678,3,2.5,50,6499,2,Suburban Prime,14.1,7,Good,2023-Q4,8741,749778
PROP-1818,2153,3,2.5,10,7517,1,Urban Metro,2.3,4,Fair,2024-Q1,8491,797851
PROP-1819,2792,3,3.0,11,7645,2,Emerging Tech Corridor,11.2,5,Good,2023-Q2,8904,782983
PROP-1820,1763,2,1.5,8,7555,1,Suburban Prime,18.4,6,Good,2023-Q1,6417,534702
PROP-1821,3016,5,4.5,1,6214,1,Suburban Prime,10.5,7,Good,2024-Q1,10979,995345
PROP-1822,3594,6,5.0,7,14583,1,Urban Metro,5.6,6,Good,2023-Q1,14934,1361783
PROP-1823,1864,2,2.0,10,4860,1,Suburban Standard,24.0,10,Excellent,2023-Q4,5049,437584
PROP-1824,1810,1,1.5,52,6269,2,Emerging Tech Corridor,13.4,1,Needs Renovation,2024-Q1,4614,408434
PROP-1825,3044,5,3.5,35,8440,2,Suburban Prime,12.4,5,Good,2023-Q4,10599,955156
PROP-1826,3126,6,4.5,9,13308,2,Urban Metro,5.7,4,Fair,2024-Q1,13846,1236398
PROP-1827,1760,3,3.0,20,8824,2,Suburban Prime,13.2,2,Needs Renovation,2023-Q2,6602,634221
PROP-1828,1826,3,3.0,19,8980,2,Urban Metro,1.3,8,Excellent,2023-Q3,9117,803247
PROP-1829,1916,2,2.0,47,7249,2,Suburban Standard,24.2,10,Excellent,2023-Q3,5124,414891
PROP-1830,1226,2,1.5,7,4135,1,Suburban Standard,23.3,3,Fair,2023-Q1,2849,273596
PROP-1831,1502,1,1.0,35,6882,1,Urban Metro,4.0,1,Needs Renovation,2024-Q2,4614,434234
PROP-1832,1447,2,1.5,28,5966,1,Urban Metro,3.4,4,Fair,2024-Q1,5795,512816
PROP-1833,1600,2,2.5,41,3878,1,Suburban Standard,12.5,7,Good,2023-Q4,5281,395308
PROP-1834,2077,4,3.0,11,9535,0,Suburban Prime,16.7,4,Fair,2024-Q2,8011,685824
PROP-1835,2252,5,4.0,13,7337,1,Urban Metro,3.1,2,Needs Renovation,2023-Q2,9829,880179
PROP-1836,3107,5,4.5,47,7589,3,Emerging Tech Corridor,10.0,2,Needs Renovation,2023-Q2,10242,913450
PROP-1837,1451,2,1.5,53,4002,1,Suburban Prime,14.0,5,Good,2023-Q2,4824,398639
PROP-1838,2739,4,3.5,49,7421,2,Suburban Prime,21.5,8,Excellent,2023-Q3,8806,810672
PROP-1839,1960,2,2.5,20,6987,0,Urban Metro,4.0,4,Fair,2023-Q4,7252,631198
PROP-1840,2067,3,2.5,21,5367,1,Suburban Standard,24.0,5,Good,2023-Q2,4984,475021
PROP-1841,2538,3,3.5,20,5634,2,Suburban Prime,21.1,2,Needs Renovation,2023-Q2,8539,737658
PROP-1842,1370,1,1.0,43,3042,1,Exurban,39.8,5,Good,2023-Q1,2094,194872
PROP-1843,2348,4,3.5,49,8882,1,Suburban Standard,12.2,6,Good,2024-Q1,5831,515318
PROP-1844,2208,3,2.5,29,9490,1,Urban Metro,1.2,4,Fair,2024-Q1,8664,783235
PROP-1845,2420,4,3.5,38,7001,2,Suburban Prime,17.8,4,Fair,2024-Q1,8518,741822
PROP-1846,2287,3,3.0,19,4386,2,Suburban Prime,11.9,7,Good,2024-Q2,7708,692906
PROP-1847,3695,6,4.5,23,8249,3,Suburban Prime,16.1,1,Needs Renovation,2023-Q1,13124,1113993
PROP-1848,1685,2,2.0,22,8273,2,Emerging Tech Corridor,6.8,6,Good,2023-Q3,6935,581261
PROP-1849,1754,3,2.0,6,6100,1,Suburban Standard,16.3,4,Fair,2024-Q2,4934,475524
PROP-1850,1694,3,3.0,8,5661,1,Urban Metro,3.5,4,Fair,2023-Q1,7824,693479
PROP-1851,1738,2,2.0,0,3353,1,Suburban Standard,27.6,6,Good,2023-Q2,4504,382466
PROP-1852,1685,2,2.0,25,7207,0,Urban Metro,4.1,7,Good,2023-Q4,6974,634956
PROP-1853,2872,4,3.5,37,10326,2,Emerging Tech Corridor,13.4,5,Good,2024-Q2,10149,873749
PROP-1854,3023,4,3.5,37,7518,2,Suburban Standard,27.4,1,Needs Renovation,2024-Q2,7267,619565
PROP-1855,1729,2,2.0,53,3759,3,Suburban Prime,10.9,5,Good,2023-Q2,5404,484747
PROP-1856,1558,2,1.5,43,4835,1,Suburban Prime,12.4,5,Good,2023-Q2,5077,427057
PROP-1857,2406,4,3.0,21,11179,2,Emerging Tech Corridor,11.9,5,Good,2023-Q4,7739,755585
PROP-1858,1741,3,3.0,43,8255,2,Emerging Tech Corridor,12.8,6,Good,2024-Q1,6706,562465
PROP-1859,2511,4,4.0,9,9666,1,Suburban Prime,15.3,1,Needs Renovation,2024-Q2,9350,811136
PROP-1860,2231,4,3.0,54,9534,0,Suburban Prime,21.9,5,Good,2023-Q1,7133,666081
PROP-1861,1114,1,1.0,5,2441,1,Suburban Standard,12.2,5,Good,2023-Q3,2889,251221
PROP-1862,3105,5,3.5,16,11797,3,Urban Metro,2.5,4,Fair,2023-Q2,12783,1195700
PROP-1863,3267,5,4.5,50,13289,3,Urban Metro,4.1,6,Good,2023-Q2,13456,1221896
PROP-1864,1701,2,2.0,49,4222,1,Urban Metro,3.3,3,Fair,2023-Q3,6328,535677
PROP-1865,1847,2,2.5,37,8851,1,Urban Metro,1.6,4,Fair,2023-Q1,7070,631595
PROP-1866,2285,2,1.5,23,5627,1,Suburban Prime,13.1,9,Excellent,2023-Q2,7835,701458
PROP-1867,2317,3,2.5,50,6640,1,Exurban,25.6,4,Fair,2023-Q3,4417,393232
PROP-1868,2528,5,4.0,9,9884,1,Suburban Standard,22.3,4,Fair,2023-Q2,7128,638417
PROP-1869,3406,6,5.0,7,13523,2,Urban Metro,5.5,5,Good,2024-Q1,15005,1313286
PROP-1870,1984,3,2.5,20,8288,1,Suburban Prime,20.4,9,Excellent,2024-Q1,7089,649529
PROP-1871,1581,3,2.5,5,3447,1,Suburban Prime,17.8,10,Excellent,2023-Q2,6250,546854
PROP-1872,1203,2,2.5,20,5639,0,Urban Metro,3.3,5,Good,2023-Q2,5303,504184
PROP-1873,1624,2,2.0,38,5865,1,Exurban,37.8,1,Needs Renovation,2024-Q1,2592,211583
PROP-1874,2078,3,2.0,23,7070,1,Suburban Prime,9.9,8,Excellent,2023-Q2,7436,672541
PROP-1875,3266,5,4.5,32,16773,3,Exurban,33.5,5,Good,2023-Q1,7294,652386
PROP-1876,1763,3,3.0,17,7611,0,Suburban Prime,10.6,4,Fair,2023-Q1,6575,596775
PROP-1877,2245,4,3.5,27,4941,2,Suburban Standard,25.1,7,Good,2023-Q4,6253,564679
PROP-1878,2089,3,2.5,51,9133,0,Urban Metro,5.6,4,Fair,2023-Q1,7174,667463
PROP-1879,2872,4,3.5,31,6099,2,Suburban Prime,15.5,1,Needs Renovation,2024-Q2,9238,816010
PROP-1880,3742,6,4.5,11,7085,3,Urban Metro,4.6,7,Good,2024-Q2,15110,1334323
PROP-1881,1754,3,2.5,47,5564,2,Emerging Tech Corridor,6.1,5,Good,2024-Q2,6051,575994
PROP-1882,1781,2,1.0,41,9222,2,Emerging Tech Corridor,10.5,4,Fair,2023-Q2,5664,521693
PROP-1883,2778,3,3.0,26,6652,3,Emerging Tech Corridor,11.3,4,Fair,2023-Q2,8606,767645
PROP-1884,2543,3,2.0,9,10393,3,Suburban Standard,19.2,5,Good,2023-Q3,6478,594457
PROP-1885,3300,4,4.0,45,7885,2,Emerging Tech Corridor,7.2,3,Fair,2024-Q2,10219,918449
PROP-1886,2479,3,2.5,51,10571,3,Urban Metro,5.4,4,Fair,2024-Q2,10014,850852
PROP-1887,1866,3,2.5,41,6564,2,Suburban Prime,18.4,6,Good,2023-Q1,6000,563037
PROP-1888,2483,3,2.5,31,10209,0,Suburban Standard,26.4,8,Excellent,2024-Q1,5211,527225
PROP-1889,2820,5,4.0,41,7021,2,Suburban Standard,25.1,5,Good,2024-Q1,7226,661217
PROP-1890,2633,4,4.0,25,11414,2,Suburban Standard,27.8,6,Good,2023-Q4,7646,691524
PROP-1891,2429,4,2.5,24,12594,1,Urban Metro,2.0,6,Good,2023-Q3,10189,922889
PROP-1892,2793,5,4.5,10,11348,1,Urban Metro,1.4,6,Good,2024-Q1,12475,1106699
PROP-1893,2860,4,3.5,22,9946,3,Exurban,33.4,3,Fair,2023-Q4,5595,527146
PROP-1894,2998,5,3.5,33,14806,2,Suburban Standard,14.1,7,Good,2023-Q1,7992,745071
PROP-1895,2521,4,3.0,51,4673,2,Urban Metro,3.6,5,Good,2023-Q3,9068,827781
PROP-1896,1991,3,3.5,39,8524,0,Emerging Tech Corridor,10.7,1,Needs Renovation,2023-Q3,6427,591433
PROP-1897,2195,3,2.0,22,10583,1,Exurban,39.5,3,Fair,2024-Q2,4314,328455
PROP-1898,2884,3,2.0,28,5795,1,Urban Metro,2.3,6,Good,2023-Q2,10748,918083
PROP-1899,1568,3,3.0,30,5221,2,Emerging Tech Corridor,13.2,2,Needs Renovation,2024-Q2,4993,490535
PROP-1900,2339,4,3.5,6,5838,2,Exurban,25.5,3,Fair,2023-Q1,4617,463963
PROP-1901,1844,2,1.5,39,6871,1,Exurban,33.7,6,Good,2024-Q2,3453,310671
PROP-1902,2118,3,2.5,32,8489,2,Exurban,43.0,8,Excellent,2023-Q3,4932,389163
PROP-1903,2930,5,3.5,20,8288,2,Suburban Prime,18.7,6,Good,2024-Q2,10484,918280
PROP-1904,2224,2,2.5,1,7481,2,Suburban Prime,13.8,3,Fair,2023-Q4,7500,670532
PROP-1905,2130,4,3.5,17,5856,2,Urban Metro,1.1,2,Needs Renovation,2024-Q2,9258,838829
PROP-1906,1216,1,1.5,46,3716,1,Urban Metro,4.1,6,Good,2024-Q1,4980,415829
PROP-1907,2585,4,3.5,32,6055,2,Suburban Prime,8.9,1,Needs Renovation,2023-Q1,9400,834588
PROP-1908,2519,4,4.0,36,12118,2,Suburban Prime,9.5,6,Good,2023-Q1,10121,857345
PROP-1909,3506,6,4.5,33,6430,3,Urban Metro,4.3,3,Fair,2023-Q3,13029,1208534
PROP-1910,1899,2,1.5,19,9115,2,Suburban Prime,12.4,8,Excellent,2024-Q2,7238,634934
PROP-1911,2242,3,3.0,34,8393,1,Urban Metro,2.7,5,Good,2023-Q3,8860,806234
PROP-1912,2262,3,3.5,50,6622,1,Emerging Tech Corridor,9.4,3,Fair,2023-Q3,7337,644041
PROP-1913,3125,4,3.0,49,13307,3,Suburban Prime,21.7,7,Good,2023-Q4,10916,967962
PROP-1914,2038,3,2.5,53,7186,1,Suburban Standard,27.4,4,Fair,2023-Q2,4953,428625
PROP-1915,2281,3,3.0,17,7976,1,Suburban Prime,13.8,4,Fair,2023-Q3,8461,729328
PROP-1916,2495,4,3.5,45,5425,1,Urban Metro,2.3,7,Good,2023-Q2,10517,901806
PROP-1917,2221,3,2.0,23,6939,2,Exurban,32.6,4,Fair,2023-Q2,5217,413605
PROP-1918,1809,1,1.5,7,4738,1,Suburban Prime,11.8,5,Good,2023-Q1,5251,468433
PROP-1919,2226,3,3.5,29,4125,2,Suburban Prime,15.5,4,Fair,2024-Q1,7403,675590
PROP-1920,2797,6,5.0,43,8459,1,Urban Metro,4.0,2,Needs Renovation,2024-Q1,10829,999747
PROP-1921,1432,2,1.5,52,3014,2,Suburban Prime,14.8,1,Needs Renovation,2024-Q2,4276,370178
PROP-1922,2186,3,2.0,9,5843,1,Urban Metro,3.0,6,Good,2023-Q4,8434,730715
PROP-1923,1644,2,2.0,22,3476,0,Suburban Prime,11.0,6,Good,2023-Q4,5335,512483
PROP-1924,2876,4,3.5,51,6163,2,Suburban Prime,14.8,4,Fair,2024-Q1,9293,799091
PROP-1925,1109,2,2.0,48,2746,0,Emerging Tech Corridor,8.1,4,Fair,2024-Q2,3007,271214
PROP-1926,1736,2,2.0,10,9026,1,Suburban Standard,20.7,9,Excellent,2024-Q1,4763,458976
PROP-1927,2345,4,3.0,1,4238,1,Urban Metro,4.4,10,Excellent,2024-Q2,9901,906784
PROP-1928,3117,5,3.5,25,12379,3,Urban Metro,4.2,5,Good,2024-Q2,13187,1202696
PROP-1929,2057,3,3.0,35,4690,1,Suburban Prime,14.5,7,Good,2024-Q2,7104,659108
PROP-1930,1739,3,3.0,32,8573,0,Urban Metro,3.8,6,Good,2024-Q2,7536,657616
PROP-1931,3322,5,3.5,46,7037,2,Urban Metro,2.4,4,Fair,2023-Q1,12836,1122948
PROP-1932,1158,2,2.5,12,5844,1,Emerging Tech Corridor,5.2,2,Needs Renovation,2023-Q1,4907,392673
PROP-1933,750,1,1.5,39,2907,1,Urban Metro,4.1,3,Fair,2024-Q1,2491,241180
PROP-1934,2386,3,3.0,24,4305,2,Emerging Tech Corridor,7.3,7,Good,2024-Q2,8371,738265
PROP-1935,1773,2,1.5,3,8580,0,Urban Metro,4.3,6,Good,2023-Q3,7467,684071
PROP-1936,1436,2,1.5,41,5132,2,Exurban,43.7,6,Good,2024-Q2,2389,212785
PROP-1937,2560,5,4.0,18,6894,2,Suburban Standard,26.7,3,Fair,2023-Q3,6388,610012
PROP-1938,2258,3,3.0,17,9954,2,Suburban Standard,27.3,6,Good,2023-Q1,5925,559167
PROP-1939,1733,2,2.5,36,8579,1,Urban Metro,1.1,6,Good,2024-Q2,7266,627320
PROP-1940,1267,2,2.0,29,4364,0,Emerging Tech Corridor,13.9,7,Good,2023-Q2,4223,416852
PROP-1941,2667,4,3.0,18,7661,2,Emerging Tech Corridor,11.1,1,Needs Renovation,2024-Q1,8619,753173
PROP-1942,2522,4,3.0,22,11304,2,Suburban Standard,22.3,6,Good,2024-Q2,6667,613445
PROP-1943,2035,3,3.0,53,8380,1,Suburban Prime,8.2,1,Needs Renovation,2023-Q4,6423,625081
PROP-1944,3300,5,3.5,15,15911,3,Suburban Standard,25.8,6,Good,2023-Q3,8584,834462
PROP-1945,1404,3,3.5,0,5832,1,Urban Metro,1.7,6,Good,2024-Q2,8323,703955
PROP-1946,1108,1,1.0,11,2911,1,Suburban Standard,25.4,3,Fair,2023-Q2,1745,206877
PROP-1947,1650,2,2.5,23,8196,1,Emerging Tech Corridor,5.1,6,Good,2023-Q3,6722,601946
PROP-1948,2070,3,3.0,33,4463,1,Suburban Prime,17.0,2,Needs Renovation,2023-Q2,6726,591081
PROP-1949,2258,2,2.0,52,6121,1,Urban Metro,3.2,7,Good,2024-Q1,7373,693564
PROP-1950,1943,3,2.5,7,6933,1,Suburban Prime,10.8,4,Fair,2024-Q1,6743,616960
PROP-1951,2328,4,3.0,17,8668,2,Suburban Standard,13.7,6,Good,2024-Q1,6530,570233
PROP-1952,1286,2,2.0,47,2381,1,Urban Metro,3.2,8,Excellent,2023-Q1,4929,432240
PROP-1953,3038,5,4.0,4,13531,3,Urban Metro,1.6,4,Fair,2023-Q2,13195,1190529
PROP-1954,2046,2,1.5,25,6198,2,Urban Metro,3.4,5,Good,2024-Q2,7544,667278
PROP-1955,2826,4,3.0,29,8991,2,Emerging Tech Corridor,10.6,5,Good,2023-Q4,8730,782249
PROP-1956,2322,3,2.5,53,10569,1,Urban Metro,5.1,3,Fair,2023-Q4,8410,776890
PROP-1957,2396,3,1.5,12,7402,1,Suburban Standard,22.9,5,Good,2024-Q1,6369,536520
PROP-1958,2470,4,3.5,18,4842,2,Suburban Prime,8.9,6,Good,2023-Q4,9176,813737
PROP-1959,2391,4,3.0,28,5738,2,Emerging Tech Corridor,7.8,8,Excellent,2023-Q3,7677,734820
PROP-1960,2517,3,2.0,2,12711,0,Exurban,32.2,7,Good,2023-Q2,5874,510522
PROP-1961,2963,5,3.5,25,6042,2,Urban Metro,5.6,5,Good,2023-Q2,11446,1038496
PROP-1962,2227,4,2.5,39,6696,2,Suburban Prime,20.1,6,Good,2023-Q2,7307,660228
PROP-1963,2560,4,3.0,11,8987,2,Emerging Tech Corridor,8.3,7,Good,2023-Q3,9421,840973
PROP-1964,2041,4,3.0,1,7096,2,Suburban Prime,9.0,5,Good,2024-Q2,8050,740030
PROP-1965,3036,4,4.0,10,5505,1,Urban Metro,5.5,2,Needs Renovation,2023-Q1,11327,963089
PROP-1966,1660,2,1.5,43,5816,2,Emerging Tech Corridor,13.0,5,Good,2023-Q3,4686,458449
PROP-1967,3270,4,3.5,27,10152,3,Exurban,46.4,7,Good,2023-Q2,6651,592394
PROP-1968,2073,3,3.0,17,10582,0,Suburban Standard,25.5,5,Good,2023-Q2,5558,486045
PROP-1969,1169,2,2.0,12,2736,1,Suburban Prime,14.7,6,Good,2023-Q2,4118,366646
PROP-1970,2183,4,3.5,36,6558,2,Suburban Prime,10.5,3,Fair,2024-Q2,7444,669769
PROP-1971,1657,2,1.5,21,5345,0,Urban Metro,3.4,9,Excellent,2023-Q4,6709,609155
PROP-1972,2646,4,4.0,11,8277,2,Emerging Tech Corridor,9.5,5,Good,2023-Q1,9505,870180
PROP-1973,1675,2,2.5,1,6806,2,Emerging Tech Corridor,9.4,6,Good,2023-Q3,6134,569736
PROP-1974,1809,2,1.0,36,4581,1,Emerging Tech Corridor,9.8,1,Needs Renovation,2023-Q2,5257,438387
PROP-1975,871,2,1.5,6,2222,1,Urban Metro,2.3,2,Needs Renovation,2024-Q1,3719,343911
PROP-1976,1806,2,2.0,25,7728,1,Suburban Standard,17.9,7,Good,2023-Q1,5213,408360
PROP-1977,750,1,1.0,25,2625,1,Urban Metro,3.2,9,Excellent,2024-Q1,3917,331828
PROP-1978,1070,2,2.0,23,3436,0,Suburban Prime,9.8,4,Fair,2023-Q1,2712,313635
PROP-1979,2594,4,3.0,11,6161,1,Emerging Tech Corridor,9.1,1,Needs Renovation,2023-Q2,9065,785721
PROP-1980,2610,4,4.0,15,6362,3,Urban Metro,5.1,4,Fair,2023-Q1,10596,947549
PROP-1981,2376,3,3.0,22,4362,1,Suburban Standard,25.2,1,Needs Renovation,2023-Q1,5057,488817
PROP-1982,1471,2,2.0,39,3105,2,Suburban Standard,18.6,3,Fair,2023-Q2,3872,310842
PROP-1983,2068,4,3.5,8,7637,2,Exurban,38.0,6,Good,2024-Q2,4691,430590
PROP-1984,2097,2,2.5,31,10133,1,Emerging Tech Corridor,5.3,8,Excellent,2024-Q1,7608,693309
PROP-1985,1347,3,2.5,14,3739,2,Emerging Tech Corridor,11.1,2,Needs Renovation,2024-Q2,4468,388963
PROP-1986,3077,4,3.0,36,8967,2,Suburban Prime,13.7,5,Good,2024-Q1,10600,915834
PROP-1987,2670,4,3.5,12,5855,2,Urban Metro,3.2,4,Fair,2023-Q4,10757,957492
PROP-1988,1956,3,3.0,4,6105,1,Suburban Prime,20.2,3,Fair,2024-Q1,7024,626060
PROP-1989,2117,3,2.5,10,4078,0,Suburban Prime,14.5,3,Fair,2024-Q1,6572,605523
PROP-1990,2235,2,1.5,9,10995,2,Suburban Standard,12.3,5,Good,2023-Q1,6346,536462
PROP-1991,772,1,1.0,51,3156,0,Suburban Standard,15.6,2,Needs Renovation,2023-Q4,1380,120000
PROP-1992,1939,4,3.5,12,10021,1,Suburban Prime,14.7,5,Good,2023-Q2,7633,687582
PROP-1993,1656,1,1.0,40,7951,1,Suburban Prime,13.9,3,Fair,2023-Q2,5387,490394
PROP-1994,1448,2,2.5,52,4935,0,Urban Metro,5.3,4,Fair,2023-Q3,5626,474826
PROP-1995,1917,2,1.5,45,6837,1,Suburban Standard,20.7,3,Fair,2023-Q4,4310,391932
PROP-1996,3268,5,4.0,49,7999,2,Suburban Standard,23.0,8,Excellent,2023-Q1,8623,742371
PROP-1997,2516,4,4.0,14,8481,2,Suburban Standard,19.5,6,Good,2023-Q3,6877,626693
PROP-1998,1728,2,3.0,41,8415,1,Suburban Prime,14.2,7,Good,2023-Q3,6658,575168
PROP-1999,2472,4,3.0,6,4877,1,Suburban Prime,14.2,4,Fair,2023-Q2,8104,718046
PROP-2000,3009,6,5.0,39,14250,3,Emerging Tech Corridor,8.7,4,Fair,2024-Q1,10950,1003233
PROP-2001,2701,4,3.5,27,7992,2,Emerging Tech Corridor,9.8,4,Fair,2023-Q1,9009,806740
PROP-2002,2138,3,2.5,31,10387,2,Suburban Prime,11.5,1,Needs Renovation,2023-Q4,6905,675255
PROP-2003,1679,2,2.0,34,8393,1,Suburban Standard,26.3,6,Good,2023-Q3,4073,383661
PROP-2004,2553,3,3.0,14,10418,1,Suburban Prime,12.7,4,Fair,2023-Q1,8284,781935
PROP-2005,2355,4,2.5,47,9559,1,Suburban Standard,14.4,4,Fair,2023-Q2,6682,543185
PROP-2006,2681,5,4.5,35,8952,2,Emerging Tech Corridor,5.9,5,Good,2023-Q3,9264,869159
PROP-2007,2512,4,3.5,20,11657,3,Suburban Standard,12.2,5,Good,2023-Q3,8533,692671
PROP-2008,2782,4,3.0,5,14103,3,Suburban Prime,13.9,10,Excellent,2024-Q2,11431,1006857
PROP-2009,1752,2,2.5,0,7770,1,Suburban Prime,10.6,4,Fair,2023-Q2,6858,626224
PROP-2010,2956,4,3.0,3,11571,1,Suburban Standard,12.3,6,Good,2024-Q2,8355,724410
PROP-2011,2228,4,3.0,10,8606,2,Suburban Standard,20.3,4,Fair,2023-Q2,6435,591887
PROP-2012,3448,6,5.0,43,16164,2,Suburban Standard,22.9,10,Excellent,2023-Q2,9626,897285
PROP-2013,1652,2,1.5,25,6013,1,Suburban Standard,13.4,5,Good,2024-Q2,4040,358685
PROP-2014,3228,5,4.0,36,14632,2,Urban Metro,3.3,6,Good,2023-Q1,14307,1258701
PROP-2015,2228,3,2.5,22,7865,0,Exurban,43.6,2,Needs Renovation,2023-Q1,4607,377135
PROP-2016,1676,2,2.0,28,3372,2,Emerging Tech Corridor,13.9,6,Good,2023-Q1,5648,490990
PROP-2017,1785,2,2.0,20,5543,1,Suburban Prime,17.3,4,Fair,2024-Q1,5769,529343
PROP-2018,1891,4,3.0,47,6261,1,Suburban Standard,15.9,5,Good,2023-Q3,5216,428617
PROP-2019,2375,3,2.5,44,5418,2,Urban Metro,4.6,8,Excellent,2023-Q1,9211,791336
PROP-2020,2439,3,2.5,44,5240,3,Urban Metro,4.0,9,Excellent,2024-Q1,9998,885512
PROP-2021,1727,2,2.0,48,6252,2,Suburban Prime,11.0,5,Good,2023-Q3,6048,507616
PROP-2022,2084,3,3.0,26,4354,1,Suburban Standard,25.6,7,Good,2023-Q1,5922,470273
PROP-2023,3492,5,4.0,38,9882,3,Emerging Tech Corridor,8.8,2,Needs Renovation,2023-Q2,11124,1007831
PROP-2024,3222,4,2.5,39,13956,2,Suburban Standard,27.4,7,Good,2023-Q4,7893,728849
PROP-2025,2383,4,3.5,12,12103,2,Suburban Prime,18.1,6,Good,2023-Q1,9105,828297
PROP-2026,2124,4,3.5,22,9007,2,Suburban Prime,17.0,5,Good,2023-Q4,7268,685120
PROP-2027,2178,3,3.0,15,11270,1,Urban Metro,4.6,8,Excellent,2023-Q1,10253,899648
PROP-2028,2498,3,3.0,29,10427,2,Urban Metro,3.4,7,Good,2023-Q2,9859,923400
PROP-2029,1435,2,2.5,3,4016,1,Emerging Tech Corridor,9.5,4,Fair,2023-Q4,6071,508204
PROP-2030,1932,2,2.0,39,7892,2,Exurban,46.3,7,Good,2024-Q1,2914,278201
PROP-2031,1015,2,2.5,15,4250,1,Suburban Prime,17.5,2,Needs Renovation,2023-Q2,3763,299600
PROP-2032,2359,2,2.0,30,7227,1,Suburban Standard,26.4,7,Good,2023-Q4,4667,485211
PROP-2033,2520,4,3.5,52,4687,3,Exurban,47.3,6,Good,2023-Q4,4905,448344
PROP-2034,1785,2,3.0,41,7480,2,Urban Metro,5.9,2,Needs Renovation,2024-Q2,6238,591672
PROP-2035,3123,5,4.5,24,5851,2,Emerging Tech Corridor,11.3,6,Good,2024-Q2,10775,925809
PROP-2036,1303,2,2.0,43,5141,1,Suburban Standard,20.0,5,Good,2023-Q2,3802,294494
PROP-2037,1148,1,1.0,11,2705,0,Suburban Standard,14.7,5,Good,2023-Q2,1912,233549
PROP-2038,2245,3,2.0,25,8358,2,Suburban Prime,17.9,4,Fair,2023-Q2,7865,679080
PROP-2039,2780,5,4.0,36,9766,1,Suburban Standard,16.7,4,Fair,2023-Q3,7706,659420
PROP-2040,3194,5,4.0,47,5895,3,Emerging Tech Corridor,7.5,6,Good,2024-Q1,10807,956194
PROP-2041,1801,3,2.5,32,5463,2,Urban Metro,2.2,4,Fair,2023-Q1,7929,692203
PROP-2042,2801,5,4.0,27,10766,3,Suburban Prime,20.3,5,Good,2024-Q2,10259,902212
PROP-2043,2074,2,2.5,8,9717,1,Urban Metro,5.3,6,Good,2023-Q4,9235,801294
PROP-2044,1987,4,3.5,11,9580,0,Emerging Tech Corridor,10.7,2,Needs Renovation,2024-Q2,6510,610577
PROP-2045,2674,4,3.0,4,9212,3,Suburban Prime,14.6,5,Good,2023-Q1,10456,901471
PROP-2046,2524,3,2.5,53,10794,1,Emerging Tech Corridor,11.0,5,Good,2023-Q2,8258,731750
PROP-2047,1075,1,1.0,51,3091,1,Suburban Prime,16.5,6,Good,2024-Q2,2836,249271
PROP-2048,3059,4,3.0,53,9065,2,Urban Metro,3.1,4,Fair,2024-Q1,11527,1014024
PROP-2049,2997,5,4.0,27,7376,1,Urban Metro,2.9,5,Good,2024-Q1,11410,1052799
PROP-2050,1693,2,1.5,34,6282,1,Suburban Prime,13.4,4,Fair,2023-Q3,4981,486387
PROP-2051,2357,4,3.0,4,6763,2,Urban Metro,3.9,7,Good,2024-Q2,9774,875956
PROP-2052,2421,3,2.5,33,5052,1,Suburban Standard,22.4,3,Fair,2023-Q2,6004,494730
PROP-2053,2269,3,2.5,45,9368,3,Urban Metro,3.3,9,Excellent,2023-Q4,9369,868326
PROP-2054,1742,2,1.0,33,7327,2,Suburban Prime,21.6,6,Good,2023-Q3,5932,525007
PROP-2055,1663,2,2.5,12,5028,1,Suburban Prime,9.2,8,Excellent,2023-Q2,6395,590219
PROP-2056,2083,4,3.5,38,4292,1,Suburban Standard,17.6,5,Good,2023-Q3,5187,485985
PROP-2057,2862,4,3.0,41,9299,2,Suburban Standard,18.7,4,Fair,2024-Q2,7386,646100
PROP-2058,2453,2,2.0,44,8104,2,Suburban Standard,12.3,8,Excellent,2023-Q1,5995,514976
PROP-2059,1859,3,2.0,47,7572,2,Exurban,34.1,2,Needs Renovation,2024-Q2,3557,338702
PROP-2060,2601,4,4.0,13,7471,1,Urban Metro,2.4,2,Needs Renovation,2023-Q2,11078,952030
PROP-2061,750,1,2.0,10,3090,0,Suburban Prime,15.1,4,Fair,2023-Q4,2465,208822
PROP-2062,2846,5,4.0,41,13555,2,Suburban Prime,12.7,9,Excellent,2023-Q4,10985,987337
PROP-2063,969,1,1.5,37,2526,1,Suburban Prime,18.2,6,Good,2023-Q2,3149,271880
PROP-2064,1864,3,2.5,3,9559,0,Suburban Standard,20.2,5,Good,2023-Q3,5686,453146
PROP-2065,1372,3,2.0,52,4271,2,Suburban Prime,9.8,6,Good,2024-Q1,5231,446940
PROP-2066,1258,1,1.0,32,3407,1,Suburban Prime,18.5,5,Good,2023-Q2,3127,297916
PROP-2067,2854,4,3.5,6,9227,1,Suburban Prime,9.4,6,Good,2024-Q2,10014,894628
PROP-2068,1795,2,1.5,40,3807,1,Exurban,46.0,4,Fair,2023-Q4,2545,223749
PROP-2069,2325,3,2.5,7,5178,2,Exurban,48.3,7,Good,2023-Q1,4805,411275
PROP-2070,2069,3,2.5,36,6639,3,Suburban Prime,12.5,4,Fair,2023-Q4,7523,665338
PROP-2071,2410,3,2.5,50,10585,1,Urban Metro,5.6,4,Fair,2024-Q1,9480,795690
PROP-2072,2149,3,2.5,9,10446,0,Emerging Tech Corridor,12.1,5,Good,2023-Q4,7621,686605
PROP-2073,1266,2,1.5,42,5140,0,Exurban,48.1,5,Good,2024-Q1,1453,176131
PROP-2074,2747,3,2.5,14,5927,3,Suburban Prime,17.3,6,Good,2023-Q2,9049,802266
PROP-2075,1779,2,1.5,37,7266,0,Suburban Prime,11.3,4,Fair,2023-Q4,5436,497228
PROP-2076,1088,2,2.5,14,4308,2,Exurban,47.4,3,Fair,2023-Q3,1850,205511
PROP-2077,1821,2,1.0,4,8266,2,Suburban Standard,14.9,5,Good,2024-Q2,5164,479923
PROP-2078,3075,5,4.5,28,14162,2,Suburban Prime,11.0,5,Good,2023-Q3,11601,1045430
PROP-2079,2652,4,4.0,18,12602,1,Suburban Standard,16.3,3,Fair,2024-Q2,7431,633000
PROP-2080,1873,2,2.0,53,6008,1,Exurban,32.6,5,Good,2023-Q4,2610,272790
PROP-2081,1872,2,1.0,50,7811,2,Emerging Tech Corridor,9.6,4,Fair,2023-Q4,5185,453608
PROP-2082,1890,3,2.5,9,5125,2,Suburban Standard,23.4,4,Fair,2024-Q2,5856,463453
PROP-2083,3449,5,4.0,11,17927,3,Suburban Standard,26.8,4,Fair,2023-Q1,10055,902517
PROP-2084,2348,3,2.0,53,5626,1,Urban Metro,1.4,8,Excellent,2023-Q4,7947,715095
PROP-2085,2379,4,3.0,3,4364,1,Emerging Tech Corridor,13.6,6,Good,2023-Q1,8834,769493
PROP-2086,2769,5,4.5,30,6385,1,Suburban Prime,20.9,4,Fair,2023-Q1,9764,857885
PROP-2087,2255,3,3.0,17,10007,0,Exurban,26.3,6,Good,2024-Q2,4995,408037
PROP-2088,1931,2,1.5,15,6409,1,Suburban Prime,13.0,7,Good,2023-Q1,6572,591262
PROP-2089,1972,4,2.5,39,6549,1,Emerging Tech Corridor,12.3,5,Good,2023-Q1,6586,569297
PROP-2090,2053,4,3.0,35,10361,1,Suburban Prime,16.6,7,Good,2023-Q2,8095,703540
PROP-2091,2075,4,3.0,24,10223,1,Suburban Prime,18.9,3,Fair,2023-Q3,7410,670678
PROP-2092,2572,4,3.5,22,7350,1,Urban Metro,4.6,7,Good,2023-Q1,10628,952058
PROP-2093,2133,3,2.5,11,5355,2,Suburban Standard,19.9,5,Good,2023-Q3,5440,486045
PROP-2094,2576,3,3.0,33,12068,0,Emerging Tech Corridor,5.4,3,Fair,2023-Q1,7768,726789
PROP-2095,2047,3,3.5,35,9990,1,Suburban Standard,21.3,5,Good,2023-Q3,5589,509500
PROP-2096,2151,3,3.0,36,7832,2,Suburban Prime,8.7,10,Excellent,2023-Q4,8585,726498
PROP-2097,801,2,2.0,2,3155,0,Urban Metro,4.0,7,Good,2023-Q4,4803,401118
PROP-2098,2695,4,3.0,8,7205,2,Exurban,45.0,5,Good,2023-Q3,5364,494509
PROP-2099,2325,2,2.0,52,10515,1,Suburban Standard,21.4,2,Needs Renovation,2023-Q1,5021,448740
PROP-2100,2748,5,4.5,17,10852,2,Suburban Standard,28.0,5,Good,2023-Q2,8407,724670
PROP-2101,750,1,1.0,42,2633,1,Emerging Tech Corridor,9.1,4,Fair,2023-Q3,2262,190111
PROP-2102,3457,5,4.0,34,6929,2,Suburban Standard,24.0,2,Needs Renovation,2024-Q1,8533,740500
PROP-2103,2009,3,2.5,54,9872,2,Suburban Prime,17.3,5,Good,2023-Q2,6833,595832
PROP-2104,2820,5,4.0,33,10976,2,Suburban Standard,27.9,8,Excellent,2024-Q1,8210,727333
PROP-2105,1424,4,3.0,40,3496,2,Suburban Standard,23.4,6,Good,2023-Q3,3937,355985
PROP-2106,2498,4,3.5,13,9646,2,Emerging Tech Corridor,6.5,3,Fair,2023-Q1,8982,833997
PROP-2107,1415,2,2.0,3,5806,0,Emerging Tech Corridor,13.6,5,Good,2024-Q1,5239,449280
PROP-2108,1694,3,3.0,28,6077,2,Urban Metro,4.3,9,Excellent,2023-Q3,8582,772232
PROP-2109,3344,6,4.5,40,14183,2,Suburban Prime,8.8,6,Good,2023-Q2,11827,1100180
PROP-2110,1976,3,3.0,44,7463,1,Urban Metro,4.3,6,Good,2023-Q1,8136,741047
PROP-2111,2241,4,3.0,49,11255,2,Urban Metro,5.4,9,Excellent,2024-Q1,10227,890334
PROP-2112,2665,4,4.0,14,5283,1,Suburban Standard,21.2,7,Good,2023-Q3,6458,627941
PROP-2113,2422,4,2.5,27,5234,3,Emerging Tech Corridor,8.2,3,Fair,2023-Q1,7877,730934
PROP-2114,2197,4,3.5,41,5251,1,Urban Metro,5.1,4,Fair,2023-Q1,8760,778552
PROP-2115,2337,4,3.5,15,9690,1,Suburban Prime,19.0,9,Excellent,2023-Q4,9384,800244
PROP-2116,3662,6,4.5,11,14629,3,Exurban,38.6,5,Good,2023-Q1,8593,740500
PROP-2117,2062,3,3.0,51,9965,1,Emerging Tech Corridor,6.4,2,Needs Renovation,2023-Q3,7448,624798
PROP-2118,2230,3,3.0,4,9570,2,Suburban Prime,11.5,5,Good,2023-Q2,8730,773966
PROP-2119,2782,3,1.5,33,9816,1,Emerging Tech Corridor,11.6,6,Good,2024-Q2,8302,746870
PROP-2120,2818,4,3.5,41,14575,3,Suburban Prime,19.3,10,Excellent,2023-Q4,10851,946309
PROP-2121,2871,5,3.0,0,7765,3,Urban Metro,2.4,4,Fair,2023-Q3,11842,1081440
PROP-2122,2515,4,3.0,38,11651,3,Urban Metro,2.8,5,Good,2023-Q3,10646,976727
PROP-2123,1357,3,3.5,31,4411,0,Urban Metro,1.4,7,Good,2023-Q3,5897,557524
PROP-2124,3161,5,4.0,25,12662,1,Suburban Prime,18.0,4,Fair,2024-Q1,11460,994115
PROP-2125,1354,2,1.5,16,5785,0,Exurban,25.1,2,Needs Renovation,2024-Q1,1872,189569
PROP-2126,2296,3,2.5,47,9080,1,Emerging Tech Corridor,5.4,9,Excellent,2023-Q2,8295,713856
PROP-2127,1609,2,2.5,26,3664,0,Suburban Prime,8.1,5,Good,2023-Q3,5611,497007
PROP-2128,2058,3,2.0,23,6803,1,Suburban Prime,17.0,5,Good,2024-Q1,7673,655594
PROP-2129,2313,4,3.0,34,8578,2,Suburban Prime,13.8,6,Good,2024-Q1,8321,772565
PROP-2130,2308,3,3.0,45,10817,3,Suburban Standard,16.8,1,Needs Renovation,2024-Q1,5664,522524
PROP-2131,2374,3,3.5,41,7854,2,Emerging Tech Corridor,13.2,8,Excellent,2023-Q2,7945,697290
PROP-2132,3148,4,3.5,53,15499,3,Urban Metro,2.0,4,Fair,2023-Q2,12556,1132689
PROP-2133,2394,3,2.0,38,7893,2,Urban Metro,2.9,4,Fair,2023-Q3,8113,791206
PROP-2134,1941,3,3.5,25,7115,2,Suburban Standard,27.0,3,Fair,2023-Q4,4837,468662
PROP-2135,2726,4,4.0,48,12287,2,Suburban Standard,18.8,4,Fair,2023-Q3,6775,634731
PROP-2136,2873,5,4.5,37,10866,3,Suburban Prime,15.8,7,Good,2024-Q1,10574,971961
PROP-2137,1302,2,1.5,22,6594,0,Suburban Standard,13.3,7,Good,2024-Q2,3424,287461
PROP-2138,2488,4,3.5,21,10064,1,Suburban Standard,24.6,8,Excellent,2024-Q1,6810,599059
PROP-2139,2555,3,2.5,3,9139,2,Suburban Prime,13.9,5,Good,2023-Q1,8822,783375
PROP-2140,1906,3,2.5,48,3583,1,Suburban Prime,19.2,6,Good,2024-Q2,6756,549418
PROP-2141,2994,5,4.5,8,9600,2,Suburban Prime,11.6,5,Good,2024-Q2,11461,991835
PROP-2142,2002,3,3.0,3,5640,2,Emerging Tech Corridor,8.8,7,Good,2023-Q3,8215,712076
PROP-2143,2181,3,2.0,6,9473,1,Exurban,44.7,6,Good,2024-Q1,3734,373459
PROP-2144,1987,2,2.5,22,4983,1,Emerging Tech Corridor,13.8,4,Fair,2024-Q1,6692,595941
PROP-2145,2110,4,3.5,1,5270,2,Suburban Standard,13.0,4,Fair,2023-Q4,5891,518030
PROP-2146,1387,2,2.0,48,3390,0,Suburban Standard,25.0,4,Fair,2023-Q1,2788,260124
PROP-2147,1163,1,2.0,23,2590,0,Suburban Standard,16.8,5,Good,2023-Q3,3269,246199
PROP-2148,3136,5,3.5,39,8960,3,Exurban,38.8,9,Excellent,2023-Q2,6365,566946
PROP-2149,1549,2,2.0,54,7453,0,Urban Metro,2.5,3,Fair,2023-Q3,4960,475774
PROP-2150,1455,3,2.5,30,6452,1,Suburban Prime,16.6,2,Needs Renovation,2024-Q2,4720,448150
PROP-2151,750,1,1.0,46,3224,1,Suburban Standard,17.7,2,Needs Renovation,2023-Q3,2105,126831
PROP-2152,1684,3,2.5,30,7596,1,Suburban Standard,17.3,7,Good,2023-Q4,4463,409802
PROP-2153,1239,1,2.0,46,3365,0,Suburban Prime,8.5,4,Fair,2023-Q3,3052,328191
PROP-2154,3167,6,4.0,39,15256,3,Suburban Standard,14.4,3,Fair,2023-Q4,8867,807812
PROP-2155,2756,4,3.5,47,6247,2,Emerging Tech Corridor,13.3,4,Fair,2024-Q2,8296,789661
PROP-2156,1652,2,2.0,50,4862,2,Suburban Prime,22.0,6,Good,2023-Q4,5173,437305
PROP-2157,3564,6,4.5,42,13525,3,Emerging Tech Corridor,12.0,5,Good,2024-Q1,11728,1099585
PROP-2158,2738,3,2.5,33,5886,3,Suburban Prime,12.0,6,Good,2023-Q2,8979,839324
PROP-2159,1888,3,2.0,54,8085,1,Exurban,35.1,4,Fair,2024-Q2,3153,281468
PROP-2160,750,1,1.5,23,2337,1,Suburban Prime,18.4,5,Good,2023-Q4,2540,197126
PROP-2161,3589,5,3.5,48,16031,3,Suburban Standard,27.5,2,Needs Renovation,2023-Q1,8840,791155
PROP-2162,1196,1,1.0,25,4157,0,Urban Metro,3.3,2,Needs Renovation,2024-Q2,3122,312453
PROP-2163,1030,2,2.5,15,2487,0,Urban Metro,5.1,5,Good,2023-Q1,5110,451366
PROP-2164,2764,4,3.5,46,11880,1,Suburban Standard,27.6,4,Fair,2023-Q2,6656,606899
PROP-2165,3685,6,4.5,12,9792,3,Suburban Prime,20.2,6,Good,2023-Q4,13505,1175500
PROP-2166,2999,4,3.5,14,10402,3,Suburban Prime,11.2,1,Needs Renovation,2024-Q2,10931,953151
PROP-2167,2466,3,3.0,26,5072,2,Urban Metro,1.0,2,Needs Renovation,2024-Q2,8909,809896
PROP-2168,2486,3,2.5,3,9697,2,Emerging Tech Corridor,9.4,7,Good,2023-Q2,9132,794475
PROP-2169,2654,5,4.5,15,10785,2,Emerging Tech Corridor,9.8,5,Good,2024-Q1,10031,888372
PROP-2170,2593,4,3.0,29,8005,3,Urban Metro,2.0,6,Good,2023-Q1,10791,926911
PROP-2171,2282,3,3.0,43,11512,1,Suburban Standard,16.6,7,Good,2024-Q2,6409,552514
PROP-2172,2167,3,2.5,29,10341,2,Emerging Tech Corridor,11.9,5,Good,2023-Q3,7969,696917
PROP-2173,2059,3,2.5,35,8662,1,Suburban Standard,19.5,6,Good,2023-Q1,5806,482832
PROP-2174,1609,3,2.0,2,6800,0,Suburban Prime,12.4,5,Good,2023-Q4,6299,562003
PROP-2175,1917,4,3.5,21,5095,2,Suburban Standard,22.0,3,Fair,2023-Q2,4846,453415
PROP-2176,999,1,1.0,48,4029,0,Urban Metro,4.3,4,Fair,2023-Q1,3031,265281
PROP-2177,2036,2,1.5,21,5036,1,Suburban Prime,18.8,5,Good,2023-Q3,5755,523367
PROP-2178,1457,2,1.5,49,3335,2,Urban Metro,1.8,4,Fair,2023-Q3,5573,481492
PROP-2179,1382,2,1.5,49,7183,1,Suburban Standard,23.9,4,Fair,2023-Q2,3062,271742
PROP-2180,2216,3,3.5,54,8678,1,Urban Metro,4.0,4,Fair,2023-Q2,8540,751766
PROP-2181,3004,4,4.0,48,9809,2,Exurban,26.4,2,Needs Renovation,2023-Q1,5767,547208
PROP-2182,2696,4,4.0,11,7494,1,Suburban Prime,18.9,2,Needs Renovation,2023-Q4,9203,808153
PROP-2183,1079,1,1.0,54,4157,1,Urban Metro,2.9,1,Needs Renovation,2024-Q1,3058,307467
PROP-2184,1456,2,2.0,20,2866,2,Suburban Prime,12.6,2,Needs Renovation,2023-Q3,5171,436016
PROP-2185,2711,4,3.0,3,5752,2,Suburban Prime,14.3,4,Fair,2023-Q2,9620,833139
PROP-2186,1461,2,1.5,30,2793,1,Suburban Prime,12.8,5,Good,2024-Q1,4335,377756
PROP-2187,1953,2,1.5,43,6829,1,Suburban Prime,12.7,3,Fair,2024-Q1,5991,526614
PROP-2188,2457,4,4.0,30,9439,1,Urban Metro,5.0,8,Excellent,2024-Q1,10627,954899
PROP-2189,1470,3,2.5,22,2958,1,Suburban Prime,9.7,7,Good,2023-Q4,5586,514942
PROP-2190,2168,2,2.5,53,9218,2,Suburban Prime,21.6,5,Good,2023-Q2,6857,612715
PROP-2191,1232,1,1.5,52,3182,2,Urban Metro,3.8,6,Good,2023-Q3,4972,390855
PROP-2192,1709,1,2.0,19,7057,1,Emerging Tech Corridor,6.6,4,Fair,2023-Q2,5592,493164
PROP-2193,2307,3,2.0,14,11854,1,Suburban Standard,14.1,1,Needs Renovation,2023-Q1,5428,520707
PROP-2194,1064,1,1.5,22,4415,0,Suburban Standard,21.5,8,Excellent,2023-Q3,2525,271208
PROP-2195,2386,3,3.0,27,11459,2,Suburban Prime,16.9,2,Needs Renovation,2023-Q2,7702,726215
PROP-2196,2087,2,1.5,15,10484,1,Suburban Standard,12.8,9,Excellent,2023-Q3,5537,504497
PROP-2197,2459,3,3.0,36,8495,2,Exurban,31.1,5,Good,2023-Q1,5645,470125
PROP-2198,2245,3,2.5,20,9401,2,Urban Metro,5.0,4,Fair,2024-Q2,9150,844465
PROP-2199,2986,5,4.0,14,14024,2,Urban Metro,1.2,5,Good,2023-Q3,13607,1176837
